country_code_3,country_name,rank,2010,2011,2012,2013,2014,2015,2016,2017,2018,2019,2020,2021,2022,2023,2024
AGO,Angola,1,0.8961 (MRT),0.8537 (MRT),0.8426 (COG),0.8085 (MRT),0.8061 (ZMB),0.8019 (MRT),0.8774 (MRT),0.8408 (COD),0.8905 (COG),0.8632 (MRT),0.8941 (MRT),0.9138 (COG),0.8243 (COG),0.8635 (MRT),0.8742 (MRT)
AGO,Angola,2,0.8436 (COG),0.8244 (COG),0.7818 (MRT),0.7709 (GIN),0.7985 (COD),0.7775 (COD),0.8128 (ZMB),0.8130 (COG),0.7815 (COD),0.8056 (ZMB),0.8490 (COD),0.8987 (MRT),0.8195 (COD),0.8119 (CMR),0.8382 (COD)
AGO,Angola,3,0.7877 (IRQ),0.7934 (IRQ),0.7810 (ZMB),0.7631 (COG),0.7870 (GIN),0.7691 (COG),0.7862 (COD),0.7916 (ZMB),0.7675 (GAB),0.7963 (COD),0.8064 (ZMB),0.8584 (COD),0.8068 (MOZ),0.8066 (MOZ),0.8159 (MOZ)
ALB,Albania,1,0.8107 (ARM),0.7913 (ARM),0.8013 (ARM),0.9119 (ARM),0.9460 (ARM),0.9426 (ARM),0.8568 (ARM),0.9011 (ARM),0.8998 (ARM),0.8113 (ARM),0.8024 (ARM),0.7841 (ARM),0.7465 (BIH),0.7944 (ARM),0.7591 (BIH)
ALB,Albania,2,0.6690 (MKD),0.6452 (MKD),0.7556 (GEO),0.7406 (MKD),0.8074 (MKD),0.7922 (MKD),0.7917 (MKD),0.7715 (MKD),0.7862 (BIH),0.8098 (MKD),0.7759 (BIH),0.7344 (BIH),0.7418 (SRB),0.7187 (UKR),0.7581 (MKD)
ALB,Albania,3,0.5917 (BIH),0.5494 (BIH),0.7175 (MKD),0.6977 (BIH),0.7085 (BIH),0.7343 (BIH),0.7717 (BIH),0.7689 (BIH),0.7747 (MKD),0.7928 (BIH),0.7758 (MKD),0.7016 (MKD),0.7414 (ARM),0.7093 (MKD),0.6787 (SRB)
ARE,United Arab Emirates,1,0.8484 (BHR),0.8721 (KWT),0.8995 (QAT),0.9235 (BHR),0.9333 (BHR),0.9111 (BHR),0.9128 (QAT),0.8771 (QAT),0.8886 (QAT),0.8788 (QAT),0.9078 (BHR),0.9211 (BHR),0.8963 (QAT),0.9197 (BHR),0.8886 (QAT)
ARE,United Arab Emirates,2,0.8309 (OMN),0.8227 (QAT),0.8640 (KWT),0.8808 (KWT),0.8356 (QAT),0.9003 (QAT),0.9018 (BHR),0.8755 (BHR),0.8822 (BHR),0.8190 (KOR),0.8285 (SGP),0.8157 (MYS),0.8952 (OMN),0.8592 (SGP),0.8551 (OMN)
ARE,United Arab Emirates,3,0.8101 (KWT),0.7634 (SAU),0.8295 (BHR),0.8189 (QAT),0.8295 (KWT),0.8448 (KWT),0.8601 (KWT),0.8412 (KWT),0.8200 (CZE),0.8188 (OMN),0.8230 (OMN),0.7886 (NOR),0.8706 (KWT),0.8072 (IRL),0.8182 (SAU)
ARG,Argentina,1,0.7670 (BRA),0.8119 (RUS),0.7965 (BRA),0.7818 (BRA),0.6611 (UKR),0.6832 (URY),0.6731 (BRA),0.7375 (BRA),0.8642 (IRN),0.8470 (IRN),0.7952 (CHL),0.8229 (TUR),0.8168 (TUR),0.7038 (TUR),0.8384 (TUR)
ARG,Argentina,2,0.7055 (RUS),0.7477 (BRA),0.7511 (IRN),0.7624 (IRN),0.6554 (BRA),0.6494 (BRA),0.6248 (TUR),0.7259 (IRN),0.7728 (TUR),0.8049 (TUR),0.7756 (BRA),0.7770 (IRN),0.7780 (IRN),0.6962 (COL),0.7116 (IRN)
ARG,Argentina,3,0.6935 (CHL),0.7200 (IRN),0.7373 (RUS),0.7080 (URY),0.6236 (RUS),0.5967 (UKR),0.6194 (SYR),0.7224 (COL),0.6627 (URY),0.7026 (BRA),0.7553 (COL),0.7478 (BRA),0.7528 (COL),0.6724 (CHL),0.6674 (COL)
ARM,Armenia,1,0.8107 (ALB),0.7913 (ALB),0.8013 (ALB),0.9119 (ALB),0.9460 (ALB),0.9426 (ALB),0.8568 (ALB),0.9011 (ALB),0.8998 (ALB),0.8865 (MKD),0.8342 (GEO),0.7913 (MKD),0.9440 (GEO),0.9291 (GEO),0.8164 (GEO)
ARM,Armenia,2,0.7277 (MKD),0.7495 (GEO),0.6791 (GEO),0.7617 (MKD),0.8256 (MKD),0.8598 (MKD),0.8534 (MKD),0.7925 (GEO),0.8827 (MKD),0.8715 (GEO),0.8223 (MKD),0.7841 (ALB),0.7414 (ALB),0.7944 (ALB),0.5677 (MLT)
ARM,Armenia,3,0.7026 (GEO),0.7255 (MKD),0.6116 (MKD),0.6875 (GEO),0.7519 (GEO),0.7592 (SRB),0.7531 (SRB),0.7822 (MKD),0.8810 (GEO),0.8113 (ALB),0.8024 (ALB),0.7667 (GEO),0.7009 (MNE),0.7929 (MNE),0.5335 (IRL)
AUS,Australia,1,0.9447 (CAN),0.9456 (CAN),0.9549 (CAN),0.9465 (CAN),0.9544 (CAN),0.9473 (CAN),0.9480 (CAN),0.9498 (CAN),0.9617 (CAN),0.9663 (CAN),0.9438 (CAN),0.9249 (CAN),0.9493 (CAN),0.9529 (CAN),0.9314 (CAN)
AUS,Australia,2,0.9013 (GBR),0.8791 (GBR),0.8937 (JPN),0.9243 (JPN),0.9243 (JPN),0.9188 (NZL),0.8999 (NZL),0.9078 (NZL),0.9104 (NZL),0.9050 (NZL),0.9025 (NOR),0.9042 (NZL),0.8599 (DEU),0.8980 (NZL),0.8990 (NZL)
AUS,Australia,3,0.8936 (NZL),0.8741 (NZL),0.8896 (GBR),0.8881 (GBR),0.9161 (NZL),0.9045 (JPN),0.8895 (JPN),0.8540 (NOR),0.8729 (JPN),0.8696 (JPN),0.8775 (NZL),0.9014 (JPN),0.8569 (NZL),0.8341 (ISR),0.8505 (GBR)
AUT,Austria,1,0.9431 (CZE),0.9456 (FIN),0.9453 (FIN),0.9443 (FIN),0.9413 (FIN),0.9302 (FIN),0.9265 (FIN),0.9439 (FIN),0.9451 (FIN),0.9465 (FIN),0.9309 (FIN),0.9549 (FIN),0.9312 (BEL),0.9457 (FIN),0.9277 (BEL)
AUT,Austria,2,0.9412 (FIN),0.9311 (DNK),0.9353 (CZE),0.9317 (DNK),0.9307 (DNK),0.9270 (DNK),0.9249 (NOR),0.9361 (DNK),0.9353 (DNK),0.9344 (DNK),0.9226 (BEL),0.9292 (DNK),0.9186 (FIN),0.9316 (DNK),0.9219 (FIN)
AUT,Austria,3,0.9246 (SVN),0.9288 (SWE),0.9299 (DNK),0.9280 (CZE),0.9161 (BEL),0.9196 (NOR),0.9248 (DNK),0.9171 (BEL),0.9245 (BEL),0.9259 (BEL),0.9211 (CZE),0.9251 (SWE),0.9007 (NLD),0.9209 (SWE),0.9205 (CZE)
AZE,Azerbaijan,1,0.6111 (KAZ),0.6314 (BRN),0.6264 (BRN),0.5574 (BRN),0.5989 (BRN),0.6556 (PRY),0.6318 (BLR),0.5416 (MYS),0.5938 (BRN),0.5943 (MYS),0.6884 (BRN),0.6449 (IRN),0.6441 (IRN),0.7279 (BRN),0.8123 (BRN)
AZE,Azerbaijan,2,0.5386 (SAU),0.6276 (KAZ),0.5835 (KAZ),0.5477 (PRY),0.5644 (PRY),0.6519 (BRN),0.5880 (KAZ),0.5139 (PRY),0.5655 (OMN),0.5770 (BRN),0.5979 (OMN),0.5857 (BRN),0.6082 (BRN),0.6045 (IRQ),0.5838 (MYS)
AZE,Azerbaijan,3,0.5324 (BRN),0.5796 (IRN),0.5287 (ARE),0.5308 (ARE),0.5588 (ECU),0.5406 (MYS),0.4884 (PRY),0.5125 (BRN),0.5593 (UZB),0.5713 (VNM),0.5278 (ARE),0.5491 (BLR),0.6019 (NOR),0.6024 (NOR),0.5489 (CHN)
BEL,Belgium,1,0.9682 (NLD),0.9658 (NLD),0.9841 (NLD),0.9847 (NLD),0.9853 (NLD),0.9843 (NLD),0.9772 (NLD),0.9734 (NLD),0.9627 (NLD),0.9622 (NLD),0.9786 (NLD),0.9787 (NLD),0.9737 (NLD),0.9640 (NLD),0.9661 (NLD)
BEL,Belgium,2,0.9516 (DNK),0.9459 (DNK),0.9579 (DNK),0.9605 (DNK),0.9604 (DNK),0.9621 (DNK),0.9478 (DNK),0.9497 (DNK),0.9551 (DNK),0.9577 (DNK),0.9544 (DNK),0.9609 (DNK),0.9465 (DNK),0.9564 (DNK),0.9466 (DNK)
BEL,Belgium,3,0.9190 (SWE),0.9221 (SWE),0.9256 (SWE),0.9239 (SWE),0.9265 (SWE),0.9164 (AUT),0.9126 (SWE),0.9171 (AUT),0.9245 (AUT),0.9259 (AUT),0.9226 (AUT),0.9230 (AUT),0.9312 (AUT),0.9358 (SWE),0.9390 (SWE)
BEN,Benin,1,0.9577 (SEN),0.9533 (TGO),0.9481 (MLI),0.9634 (TGO),0.9585 (TGO),0.9315 (MLI),0.9407 (MLI),0.9298 (SEN),0.9461 (CIV),0.9671 (TGO),0.9733 (TGO),0.9647 (CIV),0.9714 (CIV),0.9754 (CIV),0.9765 (CIV)
BEN,Benin,2,0.9519 (TGO),0.9519 (CMR),0.9392 (SEN),0.9468 (MLI),0.9384 (MLI),0.9268 (NER),0.9281 (NER),0.9295 (MLI),0.9435 (TGO),0.9456 (CIV),0.9669 (CIV),0.9606 (TGO),0.9521 (TGO),0.9607 (TGO),0.9612 (TGO)
BEN,Benin,3,0.9421 (MLI),0.9492 (SEN),0.9339 (TGO),0.9362 (CMR),0.9318 (CMR),0.9255 (MDG),0.9269 (TGO),0.9256 (CIV),0.9379 (NER),0.9225 (MLI),0.9571 (NER),0.9523 (SLE),0.9447 (NER),0.9377 (NER),0.9422 (NER)
BFA,Burkina Faso,1,0.9659 (MLI),0.9697 (GIN),0.9784 (NER),0.9627 (MLI),0.9706 (GIN),0.9753 (GIN),0.9561 (MLI),0.9419 (MLI),0.9333 (TGO),0.9314 (GIN),0.9467 (GIN),0.9260 (MDG),0.9630 (MDG),0.9704 (MDG),0.9699 (MDG)
BFA,Burkina Faso,2,0.9572 (NER),0.9559 (MLI),0.9647 (MLI),0.9583 (NER),0.9626 (MLI),0.9541 (MLI),0.9488 (TGO),0.9343 (NER),0.9302 (NER),0.9256 (MDG),0.9463 (MOZ),0.9102 (MOZ),0.9592 (GIN),0.9432 (MLI),0.9550 (MLI)
BFA,Burkina Faso,3,0.9408 (MOZ),0.9448 (TCD),0.9626 (GIN),0.9316 (SEN),0.9503 (NER),0.9495 (NER),0.9408 (SEN),0.9268 (MDG),0.9275 (GIN),0.9224 (MOZ),0.9270 (MWI),0.9083 (MLI),0.9366 (MLI),0.9354 (MOZ),0.9519 (GIN)
BGD,Bangladesh,1,0.7972 (IND),0.8098 (IND),0.8286 (IND),0.8481 (IND),0.8521 (IND),0.8546 (IND),0.7535 (IND),0.8545 (IND),0.8461 (IND),0.8304 (IDN),0.8354 (IDN),0.8250 (EGY),0.8394 (EGY),0.8172 (IDN),0.7988 (ETH)
BGD,Bangladesh,2,0.7462 (IDN),0.7845 (HTI),0.8206 (PAK),0.8201 (PAK),0.8193 (PHL),0.8202 (PAK),0.7471 (GHA),0.8357 (IDN),0.8226 (IDN),0.8198 (IND),0.8342 (EGY),0.8205 (IND),0.8160 (IND),0.8126 (IND),0.7985 (PAK)
BGD,Bangladesh,3,0.7374 (PHL),0.7836 (GTM),0.7727 (HTI),0.8075 (HTI),0.8117 (PAK),0.8121 (PHL),0.7355 (HTI),0.7950 (PAK),0.7871 (PAK),0.7673 (EGY),0.7798 (IND),0.7974 (IDN),0.7992 (IDN),0.8072 (EGY),0.7793 (IND)
BGR,Bulgaria,1,0.9173 (LVA),0.8650 (LVA),0.8811 (LTU),0.8619 (LTU),0.8795 (LTU),0.9026 (LTU),0.9264 (LTU),0.9389 (LTU),0.9089 (LTU),0.8818 (HUN),0.8959 (HUN),0.9161 (HUN),0.9412 (HUN),0.9098 (HUN),0.9192 (HUN)
BGR,Bulgaria,2,0.9102 (LTU),0.8518 (LTU),0.8673 (HUN),0.8592 (LVA),0.8762 (LVA),0.8666 (LVA),0.8636 (ROU),0.8806 (HUN),0.8936 (LVA),0.8797 (HRV),0.8875 (LVA),0.8893 (LVA),0.8644 (SRB),0.8734 (HRV),0.9013 (HRV)
BGR,Bulgaria,3,0.8295 (EST),0.8360 (HUN),0.8451 (LVA),0.8261 (HUN),0.8234 (HUN),0.8640 (HUN),0.8584 (LVA),0.8754 (LVA),0.8771 (HRV),0.8669 (LTU),0.8766 (POL),0.8847 (CZE),0.8622 (POL),0.8719 (SVK),0.9012 (SRB)
BHR,Bahrain,1,0.9115 (KWT),0.8083 (QAT),0.8295 (ARE),0.9235 (ARE),0.9333 (ARE),0.9111 (ARE),0.9018 (ARE),0.8755 (ARE),0.8839 (QAT),0.8317 (CZE),0.9078 (ARE),0.9211 (ARE),0.7705 (IRL),0.9197 (ARE),0.8627 (KWT)
BHR,Bahrain,2,0.8484 (ARE),0.6682 (KOR),0.7714 (NOR),0.8735 (KWT),0.8654 (KWT),0.9070 (KWT),0.8984 (QAT),0.8549 (QAT),0.8822 (ARE),0.7714 (ARE),0.8597 (OMN),0.8088 (BRN),0.7656 (CZE),0.8320 (KWT),0.7722 (NOR)
BHR,Bahrain,3,0.8268 (OMN),0.6591 (AUT),0.7647 (SGP),0.7825 (QAT),0.8524 (OMN),0.8905 (QAT),0.8874 (KWT),0.8534 (OMN),0.8520 (CZE),0.7586 (OMN),0.8235 (CZE),0.7869 (OMN),0.7532 (NOR),0.8208 (QAT),0.7450 (BRN)
BHS,Bahamas,1,0.8115 (CYP),0.8356 (CYP),0.8336 (CYP),0.8496 (CYP),0.8092 (CYP),0.8148 (CYP),0.7167 (MLT),0.8205 (CYP),0.7995 (CYP),0.6853 (CYP),0.8032 (MNE),0.7287 (PAN),0.8232 (CYP),0.8204 (CYP),0.8073 (CYP)
BHS,Bahamas,2,0.7582 (LBN),0.8248 (LBN),0.8292 (MLT),0.7591 (MLT),0.7820 (MLT),0.8134 (LBN),0.7037 (CYP),0.7233 (MNE),0.7189 (CRI),0.6696 (LBN),0.7416 (GRC),0.7133 (GRC),0.7679 (MNE),0.7490 (MNE),0.7723 (MNE)
BHS,Bahamas,3,0.7181 (MLT),0.8081 (MLT),0.7703 (LUX),0.7480 (LUX),0.7551 (LUX),0.7380 (MNE),0.6898 (GRC),0.7138 (CRI),0.7185 (GRC),0.6565 (URY),0.7281 (MUS),0.7060 (MLT),0.7136 (CRI),0.7323 (LUX),0.7399 (LUX)
BIH,Bosnia and Herzegovina,1,0.9117 (MKD),0.8959 (MKD),0.9015 (MKD),0.8686 (HRV),0.8873 (HRV),0.8962 (HRV),0.9257 (SRB),0.9258 (SRB),0.9431 (SRB),0.9263 (SRB),0.9105 (SRB),0.9296 (SRB),0.9174 (SRB),0.9132 (SRB),0.9151 (SRB)
BIH,Bosnia and Herzegovina,2,0.9054 (SRB),0.8556 (SRB),0.8681 (HRV),0.8550 (MKD),0.8778 (MKD),0.8879 (MKD),0.8994 (HRV),0.9065 (HRV),0.8708 (HRV),0.8912 (MKD),0.9018 (MKD),0.8555 (MKD),0.8620 (HRV),0.8777 (MKD),0.8748 (MKD)
BIH,Bosnia and Herzegovina,3,0.8306 (LTU),0.8367 (HRV),0.8672 (SRB),0.8205 (SRB),0.8722 (SRB),0.8741 (SRB),0.8810 (MKD),0.8651 (MKD),0.8673 (MKD),0.8619 (HRV),0.8192 (HRV),0.8143 (HRV),0.8528 (MKD),0.8651 (HRV),0.8344 (HRV)
BLR,Belarus,1,0.7240 (UKR),0.6708 (UKR),0.5642 (MNG),0.6469 (IRN),0.6570 (CZE),0.8037 (UKR),0.7416 (CZE),0.8473 (HUN),0.8331 (HUN),0.8491 (HUN),0.8692 (HUN),0.8300 (HUN),0.7353 (HUN),0.8026 (SRB),0.8404 (HUN)
BLR,Belarus,2,0.7149 (SAU),0.6140 (KAZ),0.5587 (UKR),0.6036 (EST),0.6527 (UKR),0.6509 (RUS),0.7107 (HUN),0.8078 (BGR),0.7849 (UKR),0.8285 (CZE),0.8456 (POL),0.7919 (CZE),0.7221 (BGR),0.7858 (POL),0.8250 (SRB)
BLR,Belarus,3,0.6188 (QAT),0.5840 (RUS),0.5397 (IRN),0.5973 (SRB),0.6041 (HUN),0.5740 (KOR),0.6465 (IRL),0.7933 (LTU),0.7692 (LTU),0.7949 (POL),0.8400 (SRB),0.7797 (POL),0.7099 (LVA),0.7800 (HUN),0.8147 (POL)
BLZ,Belize,1,0.6652 (CPV),0.6848 (FJI),0.7355 (FJI),0.7565 (FJI),0.7432 (STP),0.7639 (STP),0.6445 (MDV),0.6439 (STP),0.6858 (TLS),0.7473 (CPV),0.7668 (CPV),0.7812 (MDV),0.7737 (MDV),0.6236 (MDV),0.7410 (MDV)
BLZ,Belize,2,0.6345 (STP),0.6272 (STP),0.7282 (CPV),0.7103 (MDV),0.7098 (CPV),0.7145 (MDV),0.6229 (STP),0.6348 (TLS),0.6247 (CPV),0.6665 (STP),0.7532 (MUS),0.6746 (BHS),0.7263 (CPV),0.6229 (STP),0.6771 (MUS)
BLZ,Belize,3,0.6263 (FJI),0.5988 (CPV),0.6264 (STP),0.7095 (CPV),0.6898 (MDV),0.7057 (CPV),0.5389 (FJI),0.6050 (MDV),0.5808 (STP),0.6656 (MUS),0.7043 (MDV),0.6527 (MNE),0.6892 (MUS),0.5779 (CPV),0.6667 (CPV)
BOL,Bolivia,1,0.7412 (TCD),0.7095 (TCD),0.7294 (TCD),0.6909 (GHA),0.6846 (CIV),0.6299 (TCD),0.6620 (CMR),0.8347 (ZWE),0.6953 (CMR),0.6026 (CMR),0.5958 (PER),0.4626 (CAF),0.5727 (ECU),0.4683 (UZB),0.5359 (ECU)
BOL,Bolivia,2,0.7187 (COD),0.6754 (GHA),0.7244 (GHA),0.6797 (CIV),0.6372 (TGO),0.6130 (CMR),0.6251 (CIV),0.6280 (COD),0.5901 (TZA),0.5746 (PER),0.5925 (ECU),0.4590 (PER),0.4748 (PER),0.4148 (PHL),0.5167 (PSE)
BOL,Bolivia,3,0.6928 (NER),0.6254 (TZA),0.6156 (TZA),0.6603 (SLE),0.6180 (TCD),0.6107 (TGO),0.6206 (TGO),0.5549 (EGY),0.5783 (PER),0.5740 (COD),0.4751 (FJI),0.4509 (PHL),0.4346 (SLB),0.3893 (GTM),0.4797 (HTI)
BRA,Brazil,1,0.8341 (COL),0.8139 (COL),0.8001 (COL),0.7908 (COL),0.7494 (COL),0.7184 (COL),0.7892 (COL),0.8507 (COL),0.8371 (COL),0.8423 (COL),0.8480 (COL),0.8384 (COL),0.8031 (COL),0.8232 (COL),0.8144 (COL)
BRA,Brazil,2,0.7670 (ARG),0.7477 (ARG),0.7965 (ARG),0.7818 (ARG),0.6944 (USA),0.6906 (IRN),0.6731 (ARG),0.7375 (ARG),0.6441 (ESP),0.7026 (ARG),0.7756 (ARG),0.7478 (ARG),0.7257 (CHN),0.7589 (CHN),0.7101 (CHN)
BRA,Brazil,3,0.7124 (TUR),0.6720 (USA),0.6798 (USA),0.6993 (USA),0.6822 (RUS),0.6494 (ARG),0.6583 (ECU),0.6540 (USA),0.6406 (USA),0.6908 (TUR),0.7123 (TUR),0.6646 (TUR),0.6634 (ARG),0.6838 (TUR),0.6837 (TUR)
BRN,Brunei,1,0.8655 (OMN),0.8185 (QAT),0.7522 (QAT),0.7689 (KWT),0.8028 (KWT),0.7499 (OMN),0.7387 (KWT),0.7516 (SAU),0.8123 (OMN),0.8316 (OMN),0.7729 (OMN),0.8092 (OMN),0.7324 (BHR),0.7975 (QAT),0.8123 (AZE)
BRN,Brunei,2,0.7185 (KWT),0.7525 (ARE),0.7436 (BHR),0.6909 (BHR),0.7950 (OMN),0.7497 (KWT),0.7107 (OMN),0.7075 (QAT),0.7579 (QAT),0.8132 (QAT),0.7603 (KWT),0.8088 (BHR),0.7213 (NOR),0.7640 (NOR),0.7941 (KWT)
BRN,Brunei,3,0.6994 (ARE),0.7460 (SAU),0.7374 (SAU),0.6888 (ARE),0.7775 (SAU),0.6519 (AZE),0.6923 (QAT),0.7000 (OMN),0.7398 (KWT),0.7472 (ARE),0.7349 (BHR),0.7877 (KWT),0.6698 (MNG),0.7279 (AZE),0.7450 (BHR)
BTN,Bhutan,1,0.6061 (TCD),0.6315 (SLB),0.6166 (SLB),0.5917 (GIN),0.5254 (KHM),0.4970 (KHM),0.5315 (PRY),0.4253 (SLB),0.4247 (PRY),0.5143 (TLS),0.5199 (FJI),0.5575 (TLS),0.5315 (BLZ),0.5610 (TON),0.5101 (KGZ)
BTN,Bhutan,2,0.5868 (SLB),0.5981 (GIN),0.5867 (GIN),0.5534 (SLB),0.5205 (GIN),0.4611 (VNM),0.4924 (GIN),0.4182 (AZE),0.3710 (TON),0.4853 (MDA),0.4466 (BLZ),0.4673 (TON),0.4716 (TON),0.5065 (FJI),0.5009 (TON)
BTN,Bhutan,3,0.5428 (ZWE),0.5496 (HND),0.5704 (TCD),0.5266 (MRT),0.4947 (TGO),0.4428 (TGO),0.4908 (VNM),0.3969 (GIN),0.3586 (MDA),0.3689 (VNM),0.4438 (MDA),0.3565 (SLB),0.4055 (MDV),0.4384 (MDV),0.4121 (MUS)
BWA,Botswana,1,0.8026 (NAM),0.7836 (LSO),0.7828 (LSO),0.7310 (NAM),0.7441 (NAM),0.6620 (NAM),0.7407 (SWZ),0.4363 (LSO),0.6865 (LBY),0.6952 (LSO),0.7130 (NAM),0.6653 (LSO),0.7027 (GNQ),0.7430 (NAM),0.7167 (GNQ)
BWA,Botswana,2,0.7649 (LSO),0.7752 (NAM),0.7606 (NAM),0.6654 (LSO),0.7358 (LSO),0.6436 (LBY),0.6294 (LSO),0.4184 (MAR),0.6536 (SWZ),0.6934 (NAM),0.6900 (LSO),0.6120 (NAM),0.6853 (NAM),0.7010 (SWZ),0.6989 (ZAF)
BWA,Botswana,3,0.5992 (SWZ),0.6618 (SWZ),0.6336 (SWZ),0.6213 (SWZ),0.6528 (SWZ),0.6410 (GNQ),0.5854 (NAM),0.4134 (TGO),0.6246 (NAM),0.6571 (SWZ),0.6479 (SWZ),0.6102 (SWZ),0.6817 (SWZ),0.6923 (ZAF),0.6714 (NAM)
CAF,Central African Republic,1,0.7925 (CIV),0.9079 (SLE),0.8952 (SLE),0.6702 (SYR),0.8407 (GIN),0.9101 (TGO),0.9620 (TGO),0.8947 (BFA),0.9426 (TGO),0.8646 (SLE),0.9287 (SLE),0.9085 (SLE),0.7940 (TGO),0.9056 (SLE),0.9231 (CMR)
CAF,Central African Republic,2,0.7816 (SLE),0.8734 (BEN),0.8857 (NER),0.5963 (SEN),0.8159 (GNB),0.8816 (GIN),0.9342 (BFA),0.8903 (SLE),0.8753 (BEN),0.8540 (TGO),0.9198 (TGO),0.9064 (TGO),0.7730 (CMR),0.8962 (CMR),0.9193 (MLI)
CAF,Central African Republic,3,0.7342 (GNB),0.8653 (HTI),0.8836 (BFA),0.5777 (GNB),0.8140 (TGO),0.8541 (BFA),0.9231 (SLE),0.8810 (GNB),0.8731 (CMR),0.8392 (CMR),0.9196 (TCD),0.8948 (CMR),0.7571 (SLE),0.8867 (TGO),0.9191 (MOZ)
CAN,Canada,1,0.9502 (GBR),0.9456 (AUS),0.9565 (DEU),0.9598 (DEU),0.9666 (DEU),0.9546 (DEU),0.9480 (AUS),0.9498 (AUS),0.9617 (AUS),0.9663 (AUS),0.9438 (AUS),0.9249 (AUS),0.9493 (AUS),0.9529 (AUS),0.9314 (AUS)
CAN,Canada,2,0.9447 (AUS),0.9399 (GBR),0.9549 (AUS),0.9465 (AUS),0.9544 (AUS),0.9473 (AUS),0.9386 (DEU),0.9318 (DEU),0.9199 (DEU),0.9016 (DEU),0.8831 (DEU),0.9101 (DEU),0.8675 (DEU),0.8557 (NZL),0.8120 (NZL)
CAN,Canada,3,0.9280 (DEU),0.9246 (FIN),0.9426 (GBR),0.9372 (GBR),0.9295 (GBR),0.9252 (GBR),0.9170 (GBR),0.9073 (GBR),0.8968 (GBR),0.8867 (GBR),0.8665 (FRA),0.8696 (KOR),0.8543 (GBR),0.8290 (GBR),0.7932 (SAU)
CHE,Switzerland,1,0.8906 (AUT),0.8925 (AUT),0.8837 (AUT),0.9007 (SGP),0.8824 (SGP),0.8803 (AUT),0.9001 (SGP),0.8601 (AUT),0.8675 (SGP),0.8965 (SGP),0.8692 (SGP),0.8326 (AUT),0.8653 (AUT),0.8813 (DNK),0.8783 (SGP)
CHE,Switzerland,2,0.8557 (BEL),0.8584 (SGP),0.8676 (SGP),0.8769 (AUT),0.8713 (AUT),0.8788 (SGP),0.8693 (AUT),0.8152 (SGP),0.8588 (AUT),0.8463 (AUT),0.8345 (AUT),0.8259 (DNK),0.8442 (DNK),0.8714 (AUT),0.8635 (BEL)
CHE,Switzerland,3,0.8392 (NLD),0.8535 (NLD),0.8389 (DEU),0.8509 (IRL),0.8214 (BEL),0.8289 (DEU),0.8236 (LUX),0.8068 (DNK),0.8224 (BEL),0.8151 (BEL),0.8241 (BEL),0.8213 (BEL),0.8427 (BEL),0.8647 (BEL),0.8567 (DNK)
CHL,Chile,1,0.7937 (KOR),0.8348 (KOR),0.8302 (KOR),0.8614 (KOR),0.8120 (KOR),0.8789 (KOR),0.8353 (KOR),0.8456 (AUS),0.8474 (AUS),0.8506 (AUS),0.8077 (ESP),0.7900 (KOR),0.8239 (KOR),0.8427 (ITA),0.8150 (KOR)
CHL,Chile,2,0.7319 (URY),0.7654 (DEU),0.8152 (JPN),0.8334 (JPN),0.8084 (JPN),0.8580 (JPN),0.8345 (JPN),0.8107 (NZL),0.8279 (CAN),0.8263 (CAN),0.7997 (KOR),0.7714 (ESP),0.8060 (ESP),0.8412 (ESP),0.7961 (ESP)
CHL,Chile,3,0.7057 (DEU),0.7448 (CAN),0.7811 (DEU),0.8066 (DEU),0.7925 (AUS),0.8247 (AUS),0.8176 (CAN),0.7982 (CAN),0.8118 (NZL),0.7999 (ESP),0.7952 (ARG),0.7664 (TUR),0.7954 (SWE),0.8022 (KOR),0.7785 (ITA)
CHN,China,1,0.6795 (IDN),0.7590 (TUR),0.6893 (IDN),0.6797 (IDN),0.6980 (IRN),0.6889 (IDN),0.6844 (IDN),0.6655 (IDN),0.6502 (RUS),0.6913 (RUS),0.7345 (RUS),0.6750 (RUS),0.7257 (BRA),0.8217 (RUS),0.7101 (BRA)
CHN,China,2,0.6458 (TUR),0.6598 (IDN),0.6317 (TUR),0.6069 (COL),0.6728 (IDN),0.6376 (TUR),0.6838 (IRN),0.6500 (IRN),0.6488 (IDN),0.6603 (IDN),0.7116 (IRN),0.6137 (MEX),0.6917 (JPN),0.7589 (BRA),0.7015 (RUS)
CHN,China,3,0.6401 (IND),0.5546 (IND),0.6228 (MEX),0.6058 (ECU),0.6512 (ECU),0.6195 (IND),0.6123 (IND),0.6227 (TUR),0.5795 (IND),0.5588 (IND),0.6642 (TUR),0.6133 (JPN),0.6743 (RUS),0.6992 (IRN),0.6503 (ITA)
CIV,Cote d'Ivoire,1,0.8742 (ETH),0.8693 (BEN),0.8775 (CMR),0.9462 (SLE),0.9094 (TZA),0.9352 (CMR),0.9334 (CMR),0.9256 (BEN),0.9611 (CMR),0.9522 (CMR),0.9743 (CMR),0.9647 (BEN),0.9714 (BEN),0.9754 (BEN),0.9765 (BEN)
CIV,Cote d'Ivoire,2,0.8721 (BFA),0.8580 (CAF),0.8604 (TGO),0.9122 (BEN),0.9091 (CMR),0.8947 (BEN),0.9177 (BEN),0.8996 (TGO),0.9461 (BEN),0.9456 (BEN),0.9669 (BEN),0.9575 (CMR),0.9515 (CMR),0.9494 (CMR),0.9396 (TGO)
CIV,Cote d'Ivoire,3,0.8605 (CMR),0.8495 (GMB),0.8325 (GNB),0.8966 (CMR),0.9055 (ETH),0.8926 (MLI),0.8934 (MLI),0.8883 (SEN),0.9084 (MLI),0.9301 (TGO),0.9477 (TGO),0.9382 (SLE),0.9198 (TGO),0.9339 (TGO),0.9373 (CMR)
CMR,Cameroon,1,0.9290 (BEN),0.9519 (BEN),0.9196 (TGO),0.9362 (BEN),0.9343 (MLI),0.9352 (CIV),0.9334 (CIV),0.9193 (TCD),0.9611 (CIV),0.9522 (CIV),0.9743 (CIV),0.9575 (CIV),0.9515 (CIV),0.9494 (CIV),0.9373 (CIV)
CMR,Cameroon,2,0.9210 (TGO),0.9230 (TGO),0.9149 (BEN),0.9170 (MLI),0.9318 (BEN),0.9280 (MLI),0.9257 (BEN),0.9127 (MLI),0.9193 (MLI),0.9200 (MLI),0.9339 (BEN),0.9247 (BEN),0.9340 (BEN),0.9318 (BEN),0.9231 (CAF)
CMR,Cameroon,3,0.9178 (SEN),0.9119 (SEN),0.9144 (MLI),0.9131 (TGO),0.9282 (TGO),0.9188 (TZA),0.9151 (MLI),0.9087 (BEN),0.9132 (TCD),0.9193 (TGO),0.9277 (SLE),0.9237 (TGO),0.9213 (UGA),0.9124 (UGA),0.9182 (BEN)
COD,Democratic Republic of the Congo,1,0.9034 (TZA),0.9048 (ZMB),0.9288 (ZMB),0.8489 (BFA),0.9296 (ZMB),0.9002 (CMR),0.9048 (ZMB),0.9381 (ZMB),0.8965 (ZMB),0.9203 (ZMB),0.9157 (ZMB),0.9278 (ZMB),0.9065 (ZMB),0.9136 (MOZ),0.9094 (ZMB)
COD,Democratic Republic of the Congo,2,0.9009 (GHA),0.8904 (TZA),0.9171 (TZA),0.8364 (CIV),0.8932 (CMR),0.8922 (BFA),0.8470 (BFA),0.8513 (MOZ),0.8584 (MDG),0.9049 (MOZ),0.9078 (BFA),0.8735 (MDG),0.9007 (MOZ),0.9040 (ZMB),0.9043 (MOZ)
COD,Democratic Republic of the Congo,3,0.8983 (GIN),0.8873 (TCD),0.9150 (BFA),0.8251 (CMR),0.8906 (GIN),0.8857 (GIN),0.8469 (CMR),0.8408 (AGO),0.8415 (GIN),0.8969 (CMR),0.9076 (MOZ),0.8732 (MOZ),0.8937 (MDG),0.9002 (MDG),0.9009 (MDG)
COG,Congo,1,0.9084 (GAB),0.8889 (GAB),0.8426 (AGO),0.7631 (AGO),0.7888 (GAB),0.8081 (GAB),0.8870 (GNQ),0.8628 (GNQ),0.8905 (AGO),0.7822 (GAB),0.7674 (GNQ),0.9138 (AGO),0.8243 (AGO),0.8309 (GAB),0.8300 (MRT)
COG,Congo,2,0.8436 (AGO),0.8244 (AGO),0.7647 (GNQ),0.7617 (GNQ),0.7696 (MRT),0.7691 (AGO),0.7239 (NAM),0.8130 (AGO),0.8260 (GAB),0.7586 (MRT),0.7660 (GAB),0.8639 (MRT),0.8197 (GAB),0.7730 (MRT),0.8260 (NAM)
COG,Congo,3,0.7794 (MRT),0.8182 (MRT),0.6564 (MRT),0.7479 (GAB),0.7365 (IRQ),0.7393 (GNQ),0.6732 (GAB),0.7843 (NAM),0.8251 (GNQ),0.7486 (AGO),0.6713 (IRQ),0.8115 (GAB),0.7507 (GNQ),0.7716 (AGO),0.7534 (AGO)
COL,Colombia,1,0.8341 (BRA),0.8139 (BRA),0.8001 (BRA),0.7908 (BRA),0.7494 (BRA),0.7184 (BRA),0.7892 (BRA),0.8507 (BRA),0.8371 (BRA),0.8423 (BRA),0.8480 (BRA),0.8384 (BRA),0.8031 (BRA),0.8232 (BRA),0.8144 (BRA)
COL,Colombia,2,0.6343 (IRN),0.6619 (TUR),0.6299 (MEX),0.7097 (PER),0.6754 (PER),0.6744 (PER),0.7675 (TUR),0.7224 (ARG),0.6364 (ARG),0.7594 (TUR),0.7553 (ARG),0.7259 (ARG),0.7528 (ARG),0.7188 (PER),0.6674 (ARG)
COL,Colombia,3,0.6218 (MEX),0.6579 (ARG),0.6220 (PER),0.6420 (CHL),0.6532 (IRN),0.6589 (CHL),0.6562 (CHL),0.6841 (CHL),0.6292 (TUR),0.6585 (ARG),0.6405 (PER),0.6995 (TUR),0.6645 (TUR),0.6962 (ARG),0.6438 (PER)
COM,Comoros,1,0.8967 (GNB),0.8936 (GNB),0.9017 (GMB),0.8987 (GMB),0.8969 (GNB),0.8463 (SLE),0.9020 (GNB),0.8431 (GNB),0.8269 (BEN),0.8476 (GNB),0.8836 (GNB),0.8787 (GNB),0.8698 (GMB),0.8874 (GNB),0.8614 (GMB)
COM,Comoros,2,0.8899 (GMB),0.8575 (BEN),0.8759 (GNB),0.8983 (GNB),0.8673 (GMB),0.8437 (GMB),0.8352 (BEN),0.8367 (GMB),0.8223 (TGO),0.8375 (GMB),0.8589 (GMB),0.8468 (GMB),0.8676 (GNB),0.8654 (GMB),0.8609 (GNB)
COM,Comoros,3,0.8425 (RWA),0.8297 (RWA),0.8562 (BEN),0.8513 (BEN),0.8342 (BEN),0.8419 (BEN),0.8265 (SLE),0.8364 (BEN),0.8016 (GMB),0.8332 (SLE),0.8403 (SLE),0.8293 (BEN),0.8235 (BEN),0.8363 (CAF),0.8282 (CAF)
CPV,Cabo Verde,1,0.7329 (STP),0.7388 (STP),0.7282 (BLZ),0.7558 (STP),0.7524 (STP),0.7911 (STP),0.7933 (STP),0.7630 (STP),0.7538 (DJI),0.7473 (BLZ),0.7668 (BLZ),0.6384 (CRI),0.7316 (MDV),0.6831 (MDV),0.6695 (DJI)
CPV,Cabo Verde,2,0.6817 (DJI),0.7382 (DJI),0.7243 (STP),0.7095 (BLZ),0.7098 (BLZ),0.7123 (DJI),0.7771 (DJI),0.7584 (DJI),0.6855 (STP),0.7155 (DJI),0.7452 (LBY),0.6361 (STP),0.7263 (BLZ),0.6621 (DJI),0.6691 (MDV)
CPV,Cabo Verde,3,0.6652 (BLZ),0.6121 (MNE),0.7120 (DJI),0.6936 (DJI),0.7002 (DJI),0.7057 (BLZ),0.5933 (MNE),0.5720 (MNE),0.6247 (BLZ),0.6243 (STP),0.6958 (MDV),0.6199 (DJI),0.7145 (FJI),0.6415 (MNE),0.6667 (BLZ)
CRI,Costa Rica,1,0.6128 (URY),0.6848 (CYP),0.7344 (URY),0.7479 (PRT),0.7584 (URY),0.7459 (ESP),0.7840 (URY),0.8427 (URY),0.7972 (ESP),0.8431 (URY),0.8297 (URY),0.7922 (ESP),0.8414 (URY),0.8032 (URY),0.8134 (URY)
CRI,Costa Rica,2,0.5916 (CYP),0.6739 (ESP),0.7108 (CYP),0.7246 (URY),0.7141 (PRT),0.7373 (GRC),0.7618 (ESP),0.7625 (ESP),0.7937 (GRC),0.8063 (GRC),0.7838 (GRC),0.7716 (GRC),0.7785 (GRC),0.7788 (GRC),0.7629 (GRC)
CRI,Costa Rica,3,0.5806 (MLT),0.6535 (LBN),0.6941 (LBN),0.7150 (ESP),0.7011 (ESP),0.7307 (PRT),0.7519 (CYP),0.7564 (GRC),0.7907 (URY),0.8042 (ESP),0.7714 (ESP),0.7498 (URY),0.7760 (ESP),0.7165 (ESP),0.7251 (ESP)
CYP,Cyprus,1,0.8813 (LUX),0.8798 (LUX),0.8677 (MNE),0.8496 (BHS),0.8457 (LUX),0.8690 (MNE),0.8697 (LUX),0.8596 (LUX),0.8462 (LUX),0.8951 (LUX),0.9348 (LUX),0.9290 (MLT),0.8711 (LUX),0.9372 (LUX),0.9350 (LUX)
CYP,Cyprus,2,0.8390 (BEL),0.8760 (MLT),0.8558 (MLT),0.8106 (GRC),0.8405 (MNE),0.8625 (LUX),0.8318 (MLT),0.8503 (MLT),0.8318 (MLT),0.8490 (EST),0.9088 (MLT),0.9170 (LUX),0.8635 (MLT),0.8663 (BEL),0.8803 (MLT)
CYP,Cyprus,3,0.8258 (DNK),0.8356 (BHS),0.8545 (LUX),0.8081 (LUX),0.8092 (BHS),0.8557 (MLT),0.8113 (MNE),0.8205 (BHS),0.8248 (MNE),0.8280 (BEL),0.8806 (EST),0.8653 (EST),0.8436 (PRT),0.8319 (PRT),0.8557 (BEL)
CZE,Czechia,1,0.9431 (AUT),0.9241 (AUT),0.9353 (AUT),0.9280 (AUT),0.9142 (HUN),0.9371 (HUN),0.9259 (HUN),0.9184 (POL),0.9069 (AUT),0.9125 (HUN),0.9220 (HUN),0.9308 (POL),0.8854 (AUT),0.9191 (AUT),0.9205 (AUT)
CZE,Czechia,2,0.9267 (SVN),0.9071 (SVN),0.9170 (HUN),0.9181 (HUN),0.9089 (EST),0.9090 (POL),0.9142 (POL),0.9155 (HUN),0.8856 (SVN),0.9124 (POL),0.9211 (AUT),0.9239 (HUN),0.8603 (NLD),0.8605 (NLD),0.9192 (SVN)
CZE,Czechia,3,0.9186 (FIN),0.9012 (HUN),0.9133 (SVN),0.9091 (EST),0.9006 (SVK),0.8996 (SVK),0.8975 (SVN),0.8795 (EST),0.8681 (EST),0.8995 (AUT),0.8949 (SVN),0.8847 (BGR),0.8590 (DNK),0.8555 (EST),0.9145 (HUN)
DEU,Germany,1,0.9292 (POL),0.9217 (POL),0.9565 (CAN),0.9598 (CAN),0.9666 (CAN),0.9546 (CAN),0.9386 (CAN),0.9333 (GBR),0.9399 (GBR),0.9369 (GBR),0.9149 (GBR),0.9101 (CAN),0.9117 (KOR),0.9216 (JPN),0.9293 (JPN)
DEU,Germany,2,0.9280 (CAN),0.8881 (AUT),0.9369 (GBR),0.9431 (GBR),0.9405 (GBR),0.9325 (GBR),0.9227 (GBR),0.9318 (CAN),0.9199 (CAN),0.9102 (JPN),0.9090 (JPN),0.9066 (GBR),0.9076 (GBR),0.9186 (KOR),0.9154 (GBR)
DEU,Germany,3,0.9273 (GBR),0.8709 (CAN),0.9231 (AUT),0.9183 (AUT),0.9240 (JPN),0.9152 (AUT),0.9055 (AUT),0.9088 (JPN),0.9052 (JPN),0.9059 (AUT),0.9054 (AUT),0.9056 (KOR),0.8951 (JPN),0.9051 (GBR),0.9038 (KOR)
DJI,Djibouti,1,0.6817 (CPV),0.7382 (CPV),0.7120 (CPV),0.6993 (STP),0.7832 (STP),0.7482 (STP),0.7847 (STP),0.7584 (CPV),0.7538 (CPV),0.7155 (CPV),0.5906 (STP),0.6574 (NAM),0.6473 (NAM),0.6621 (CPV),0.6695 (CPV)
DJI,Djibouti,2,0.6368 (STP),0.6647 (STP),0.7000 (STP),0.6936 (CPV),0.7002 (CPV),0.7123 (CPV),0.7771 (CPV),0.6982 (STP),0.6213 (STP),0.6104 (BLZ),0.5683 (BWA),0.6199 (CPV),0.6199 (LSO),0.6370 (NAM),0.6364 (NAM)
DJI,Djibouti,3,0.6269 (MDV),0.5987 (NAM),0.5656 (LSO),0.5899 (NAM),0.5843 (NAM),0.5688 (NAM),0.5253 (LSO),0.5547 (LSO),0.5696 (BLZ),0.5864 (STP),0.5659 (LSO),0.6111 (LSO),0.5586 (MRT),0.5789 (LSO),0.5997 (LSO)
DNK,Denmark,1,0.9516 (BEL),0.9795 (SWE),0.9732 (SWE),0.9769 (SWE),0.9754 (SWE),0.9641 (SWE),0.9615 (SWE),0.9589 (SWE),0.9551 (BEL),0.9593 (SWE),0.9646 (SWE),0.9609 (BEL),0.9465 (BEL),0.9564 (BEL),0.9466 (BEL)
DNK,Denmark,2,0.9504 (NLD),0.9684 (NLD),0.9653 (NLD),0.9676 (NLD),0.9642 (NLD),0.9621 (BEL),0.9487 (NLD),0.9497 (NLD),0.9479 (SWE),0.9577 (BEL),0.9544 (BEL),0.9571 (NLD),0.9457 (SWE),0.9554 (SWE),0.9422 (SWE)
DNK,Denmark,3,0.9458 (SWE),0.9486 (FIN),0.9610 (FIN),0.9605 (BEL),0.9604 (BEL),0.9552 (NLD),0.9478 (BEL),0.9497 (BEL),0.9353 (AUT),0.9344 (AUT),0.9441 (NLD),0.9549 (SWE),0.9241 (NLD),0.9340 (NLD),0.9097 (NLD)
DOM,Dominican Republic,1,0.6725 (PER),0.6188 (MEX),0.6053 (MEX),0.6280 (URY),0.6251 (COL),0.5453 (COL),0.5357 (LBN),0.5327 (MEX),0.4251 (NPL),0.4666 (EGY),0.5582 (MEX),0.6336 (PER),0.4683 (MEX),0.5119 (MEX),0.4971 (KAZ)
DOM,Dominican Republic,2,0.6335 (URY),0.5608 (URY),0.5692 (URY),0.6130 (COL),0.5669 (URY),0.4719 (PAN),0.5017 (PAN),0.5113 (URY),0.4148 (BGD),0.4403 (USA),0.5444 (ARG),0.5673 (PAN),0.4596 (EGY),0.4852 (ARG),0.4795 (BRA)
DOM,Dominican Republic,3,0.6192 (PRY),0.5336 (PER),0.5630 (COL),0.5408 (MEX),0.5040 (MEX),0.4681 (MEX),0.4462 (IRN),0.5100 (LBN),0.4004 (ARM),0.4047 (PAN),0.5326 (ECU),0.5266 (TUR),0.4578 (ARG),0.4770 (USA),0.4723 (RUS)
DZA,Algeria,1,0.8702 (IRQ),0.8495 (IRQ),0.6805 (IRQ),0.7843 (IRQ),0.7507 (IRQ),0.7542 (IRQ),0.5642 (TUR),0.7682 (IRQ),0.7814 (IRQ),0.6395 (IRQ),0.7893 (IRQ),0.8451 (IRQ),0.8157 (IRQ),0.6494 (IRN),0.6383 (IRQ)
DZA,Algeria,2,0.6816 (LBY),0.7020 (IRN),0.6433 (IRN),0.5496 (AGO),0.5644 (CHN),0.5965 (IRN),0.5391 (EGY),0.6518 (IRN),0.6768 (IRN),0.5910 (COL),0.6097 (COL),0.6958 (IRN),0.7538 (IRN),0.5516 (IRQ),0.5890 (IRN)
DZA,Algeria,3,0.6482 (IRN),0.6236 (AGO),0.6053 (EGY),0.5368 (CHN),0.5468 (IRN),0.5632 (SAU),0.5290 (MAR),0.5833 (AGO),0.6333 (AGO),0.5514 (AGO),0.5865 (MAR),0.5864 (BRA),0.5726 (TUR),0.5240 (MAR),0.5686 (COL)
ECU,Ecuador,1,0.5390 (IDN),0.7552 (PER),0.6765 (PER),0.7492 (PER),0.6674 (PER),0.5941 (IRN),0.6583 (BRA),0.5520 (JPN),0.6082 (COL),0.6234 (PER),0.6403 (COL),0.5408 (CHN),0.6273 (CHN),0.5771 (CHN),0.5359 (BOL)
ECU,Ecuador,2,0.5381 (VNM),0.5834 (IDN),0.6169 (PRY),0.6749 (PRY),0.6512 (CHN),0.5283 (PER),0.6210 (COL),0.5452 (CHN),0.5846 (PER),0.4953 (COL),0.5925 (BOL),0.5072 (JPN),0.5875 (JPN),0.5694 (LKA),0.5029 (MEX)
ECU,Ecuador,3,0.5355 (DZA),0.5772 (PRY),0.5843 (VNM),0.6058 (CHN),0.5874 (THA),0.4974 (BRA),0.5012 (JPN),0.5049 (PER),0.4955 (JPN),0.4768 (BOL),0.5919 (PER),0.4979 (PHL),0.5727 (BOL),0.5617 (MEX),0.4649 (COL)
EGY,Egypt,1,0.8445 (IDN),0.7441 (IDN),0.7291 (IRN),0.6932 (IDN),0.6667 (IDN),0.7174 (IDN),0.7005 (IDN),0.6478 (ZWE),0.7569 (UZB),0.7913 (IDN),0.8342 (BGD),0.8250 (BGD),0.8442 (IDN),0.8072 (BGD),0.7762 (BGD)
EGY,Egypt,2,0.7375 (IND),0.6972 (IND),0.6459 (PAK),0.6365 (IND),0.6553 (IRN),0.6526 (IND),0.6761 (UZB),0.6185 (IRN),0.6909 (IDN),0.7673 (BGD),0.7856 (IDN),0.8128 (IDN),0.8394 (BGD),0.7998 (IDN),0.7106 (PAK)
EGY,Egypt,3,0.6403 (DZA),0.5972 (IRN),0.6395 (IND),0.6105 (IRN),0.5975 (UZB),0.6393 (UZB),0.6598 (IND),0.6182 (IDN),0.6647 (BGD),0.6622 (IND),0.6533 (UZB),0.6849 (IND),0.6962 (IND),0.6953 (IND),0.6807 (GHA)
ESP,Spain,1,0.9416 (ITA),0.9305 (PRT),0.9427 (GRC),0.9471 (ITA),0.9431 (ITA),0.9301 (ITA),0.9468 (ITA),0.9457 (ITA),0.9532 (ITA),0.9197 (FRA),0.9032 (ITA),0.9206 (ITA),0.9312 (ITA),0.9070 (FRA),0.9034 (FRA)
ESP,Spain,2,0.9179 (FRA),0.9277 (ITA),0.9349 (PRT),0.9359 (GRC),0.9428 (GRC),0.9100 (GRC),0.9210 (GRC),0.9198 (FRA),0.9272 (FRA),0.9195 (ITA),0.9013 (FRA),0.9083 (FRA),0.8888 (FRA),0.9043 (ITA),0.8913 (ITA)
ESP,Spain,3,0.9102 (PRT),0.9176 (FRA),0.9323 (ITA),0.9318 (PRT),0.9255 (PRT),0.9081 (PRT),0.9073 (PRT),0.9174 (GRC),0.9068 (GRC),0.8858 (GRC),0.9006 (GRC),0.8734 (SWE),0.8590 (PRT),0.8697 (PRT),0.8867 (GRC)
EST,Estonia,1,0.9016 (SVK),0.8897 (LTU),0.9253 (LTU),0.9159 (SVN),0.9157 (LTU),0.8910 (LTU),0.9408 (SVN),0.8795 (CZE),0.9229 (SVN),0.9331 (SVN),0.9413 (LTU),0.9559 (LTU),0.9265 (LTU),0.9515 (LTU),0.9542 (LTU)
EST,Estonia,2,0.8900 (HUN),0.8888 (SVK),0.9028 (SVK),0.9091 (CZE),0.9089 (CZE),0.8746 (LVA),0.8972 (SVK),0.8747 (SVN),0.8801 (AUT),0.9176 (LTU),0.9271 (SVN),0.9437 (SVN),0.8604 (DNK),0.9008 (AUT),0.9321 (LVA)
EST,Estonia,3,0.8856 (LTU),0.8790 (LVA),0.8970 (LVA),0.9052 (LTU),0.8985 (SVK),0.8733 (AUT),0.8858 (CZE),0.8727 (LTU),0.8764 (SVK),0.8926 (AUT),0.9208 (LVA),0.9169 (LVA),0.8535 (LUX),0.8968 (LVA),0.9043 (AUT)
ETH,Ethiopia,1,0.9047 (KEN),0.9082 (TZA),0.9010 (TZA),0.9155 (TZA),0.9332 (TZA),0.9377 (TZA),0.9532 (TZA),0.9184 (NER),0.9396 (UGA),0.9488 (TZA),0.9530 (TZA),0.9264 (PAK),0.9232 (SLE),0.9433 (UGA),0.9191 (UGA)
ETH,Ethiopia,2,0.8791 (TZA),0.9055 (KEN),0.8952 (KEN),0.9078 (BEN),0.9055 (CIV),0.9019 (UGA),0.9059 (MLI),0.9162 (TZA),0.9372 (TZA),0.9420 (UGA),0.9437 (UGA),0.9192 (TZA),0.9171 (UGA),0.9235 (TZA),0.9047 (TZA)
ETH,Ethiopia,3,0.8776 (BFA),0.9040 (MDG),0.8840 (BEN),0.8925 (CIV),0.8906 (KEN),0.8917 (MLI),0.8963 (UGA),0.9138 (MLI),0.9071 (TCD),0.9047 (MLI),0.9094 (NER),0.9145 (SLE),0.9156 (PAK),0.9002 (SLE),0.9022 (SLE)
FIN,Finland,1,0.9460 (SWE),0.9579 (SWE),0.9610 (DNK),0.9496 (SWE),0.9413 (AUT),0.9302 (AUT),0.9324 (NOR),0.9439 (AUT),0.9451 (AUT),0.9465 (AUT),0.9566 (NOR),0.9549 (AUT),0.9438 (SWE),0.9502 (SWE),0.9399 (SWE)
FIN,Finland,2,0.9412 (AUT),0.9486 (DNK),0.9537 (SWE),0.9468 (DNK),0.9398 (DNK),0.9229 (DNK),0.9273 (DNK),0.9257 (DNK),0.9211 (DNK),0.9348 (NOR),0.9309 (AUT),0.9403 (SWE),0.9186 (AUT),0.9457 (AUT),0.9219 (AUT)
FIN,Finland,3,0.9283 (DNK),0.9456 (AUT),0.9453 (AUT),0.9443 (AUT),0.9358 (SWE),0.9128 (SWE),0.9265 (AUT),0.9085 (NOR),0.9092 (SWE),0.9280 (DNK),0.9287 (SWE),0.9059 (DNK),0.9048 (DNK),0.9137 (DNK),0.8855 (DNK)
FJI,Fiji,1,0.7493 (TON),0.6848 (BLZ),0.7592 (TON),0.7565 (BLZ),0.6143 (TON),0.7478 (TON),0.8053 (TON),0.7650 (TON),0.6649 (TON),0.7256 (TON),0.6787 (BLZ),0.6309 (SLB),0.7145 (CPV),0.6196 (KGZ),0.6469 (TON)
FJI,Fiji,2,0.6263 (BLZ),0.6741 (MDA),0.7355 (BLZ),0.6985 (TON),0.5807 (STP),0.6420 (BLZ),0.6260 (MDA),0.6530 (MDA),0.6394 (MDA),0.6224 (BLZ),0.6552 (CPV),0.5134 (SWZ),0.6181 (BLZ),0.6005 (TON),0.6025 (BLZ)
FJI,Fiji,3,0.5764 (CPV),0.6450 (TON),0.6448 (MDA),0.6444 (MDA),0.5717 (MDA),0.5609 (CPV),0.5749 (CPV),0.5702 (CPV),0.5643 (CPV),0.5244 (MDA),0.5288 (MDV),0.5020 (TON),0.6074 (ARM),0.5841 (MUS),0.5579 (LSO)
FRA,France,1,0.9704 (GBR),0.9617 (GBR),0.9677 (GBR),0.9664 (GBR),0.9506 (GBR),0.9426 (GBR),0.9292 (GBR),0.9268 (ITA),0.9325 (ITA),0.9236 (GBR),0.9518 (GBR),0.9603 (GBR),0.9210 (GBR),0.9232 (ITA),0.9270 (GBR)
FRA,France,2,0.9493 (ITA),0.9451 (ITA),0.9369 (ITA),0.9320 (ITA),0.9251 (ITA),0.9237 (ITA),0.9047 (ITA),0.9268 (GBR),0.9272 (ESP),0.9197 (ESP),0.9065 (ITA),0.9083 (ESP),0.8892 (ITA),0.9093 (GBR),0.9232 (ITA)
FRA,France,3,0.9179 (ESP),0.9176 (ESP),0.9170 (SWE),0.9212 (SWE),0.9132 (SWE),0.8882 (ESP),0.8964 (ESP),0.9198 (ESP),0.9264 (GBR),0.9138 (ITA),0.9013 (ESP),0.8922 (ITA),0.8888 (ESP),0.9070 (ESP),0.9034 (ESP)
GAB,Gabon,1,0.9084 (COG),0.8889 (COG),0.5708 (MRT),0.7479 (COG),0.8104 (GNQ),0.8081 (COG),0.7347 (GNQ),0.7838 (COG),0.8260 (COG),0.7822 (COG),0.7660 (COG),0.8115 (COG),0.8197 (COG),0.8309 (COG),0.7513 (COG)
GAB,Gabon,2,0.7977 (LBY),0.8325 (GNQ),0.5238 (IRQ),0.6559 (GNQ),0.7888 (COG),0.7035 (GNQ),0.6732 (COG),0.7747 (GNQ),0.7675 (AGO),0.6672 (AGO),0.7371 (GNQ),0.7220 (AGO),0.7215 (GNQ),0.7116 (IRQ),0.6120 (GNQ)
GAB,Gabon,3,0.7682 (IRQ),0.7520 (IRQ),0.5112 (GNQ),0.6137 (IRQ),0.7037 (IRQ),0.6648 (AGO),0.5672 (MNG),0.6940 (AGO),0.7381 (GNQ),0.5845 (MRT),0.5768 (IRQ),0.7202 (GNQ),0.6659 (IRQ),0.6085 (LBY),0.5889 (LBY)
GBR,United Kingdom,1,0.9704 (FRA),0.9617 (FRA),0.9677 (FRA),0.9664 (FRA),0.9506 (FRA),0.9426 (FRA),0.9292 (FRA),0.9333 (DEU),0.9399 (DEU),0.9369 (DEU),0.9518 (FRA),0.9603 (FRA),0.9210 (FRA),0.9093 (FRA),0.9270 (FRA)
GBR,United Kingdom,2,0.9502 (CAN),0.9399 (CAN),0.9426 (CAN),0.9431 (DEU),0.9405 (DEU),0.9325 (DEU),0.9227 (DEU),0.9268 (FRA),0.9264 (FRA),0.9236 (FRA),0.9149 (DEU),0.9066 (DEU),0.9076 (DEU),0.9051 (DEU),0.9154 (DEU)
GBR,United Kingdom,3,0.9273 (DEU),0.9132 (SWE),0.9369 (DEU),0.9372 (CAN),0.9295 (CAN),0.9252 (CAN),0.9170 (CAN),0.9073 (CAN),0.8968 (CAN),0.8912 (JPN),0.8659 (CAN),0.8897 (JPN),0.8654 (ISR),0.8613 (NLD),0.8735 (JPN)
GEO,Georgia,1,0.7191 (MKD),0.7728 (LVA),0.8163 (MKD),0.8066 (MNE),0.8280 (MKD),0.8277 (MKD),0.8637 (MKD),0.8092 (MKD),0.8810 (ARM),0.8732 (MKD),0.8357 (MKD),0.8371 (MNE),0.9440 (ARM),0.9291 (ARM),0.8164 (ARM)
GEO,Georgia,2,0.7026 (ARM),0.7577 (MKD),0.7851 (LVA),0.7759 (MKD),0.7822 (LVA),0.7996 (MNE),0.8489 (MNE),0.7990 (MNE),0.8340 (MKD),0.8715 (ARM),0.8342 (ARM),0.7740 (SRB),0.8116 (MNE),0.8432 (MNE),0.5547 (MLT)
GEO,Georgia,3,0.6659 (SRB),0.7495 (ARM),0.7556 (ALB),0.7555 (LVA),0.7791 (MNE),0.7672 (LVA),0.8226 (LVA),0.7925 (ARM),0.8117 (LVA),0.8304 (MNE),0.7884 (LVA),0.7667 (ARM),0.7473 (HRV),0.7385 (SRB),0.4986 (KGZ)
GHA,Ghana,1,0.9009 (COD),0.8730 (TZA),0.9045 (TZA),0.7565 (TZA),0.8103 (SLE),0.8245 (TZA),0.8586 (HTI),0.8551 (SLE),0.8632 (TCD),0.8752 (TZA),0.8704 (TZA),0.8555 (TCD),0.8536 (SLE),0.8702 (SLE),0.8297 (SLE)
GHA,Ghana,2,0.8869 (SLE),0.8558 (ETH),0.8992 (SLE),0.7090 (MWI),0.7809 (TZA),0.8131 (HTI),0.8553 (TZA),0.8450 (TZA),0.8588 (SLE),0.8726 (SLE),0.8426 (TCD),0.8486 (SLE),0.8159 (ETH),0.8046 (CIV),0.7919 (ETH)
GHA,Ghana,3,0.8668 (TZA),0.8284 (BFA),0.8928 (GIN),0.6936 (ZMB),0.7278 (CIV),0.8089 (UGA),0.8450 (SLE),0.8058 (GIN),0.8535 (ETH),0.8472 (ETH),0.8331 (CIV),0.8474 (CIV),0.8145 (TCD),0.8028 (ETH),0.7516 (CIV)
GIN,Guinea,1,0.9189 (BFA),0.9697 (BFA),0.9626 (BFA),0.9209 (MOZ),0.9706 (BFA),0.9753 (BFA),0.9103 (BFA),0.9001 (BFA),0.9275 (BFA),0.9360 (MLI),0.9467 (BFA),0.9465 (MOZ),0.9592 (BFA),0.9607 (MLI),0.9519 (BFA)
GIN,Guinea,2,0.9002 (MOZ),0.9215 (TCD),0.9176 (NER),0.9140 (NER),0.9232 (MLI),0.9301 (MOZ),0.8643 (MOZ),0.8744 (MOZ),0.9157 (MOZ),0.9314 (BFA),0.9414 (MOZ),0.9230 (MLI),0.9417 (MLI),0.9456 (MOZ),0.9492 (MLI)
GIN,Guinea,3,0.8983 (COD),0.9011 (MLI),0.9117 (TCD),0.9118 (MLI),0.9109 (TGO),0.9236 (MLI),0.8636 (TGO),0.8713 (CAF),0.9069 (TCD),0.9224 (MOZ),0.9214 (MLI),0.8897 (MDG),0.9338 (MOZ),0.9330 (BFA),0.9255 (MOZ)
GMB,Gambia,1,0.8903 (GNB),0.8495 (CIV),0.9017 (COM),0.8987 (COM),0.8673 (COM),0.8703 (SLE),0.9066 (SLE),0.9381 (SLE),0.8835 (SLE),0.9390 (SLE),0.9328 (SLE),0.9294 (SLE),0.8892 (SLE),0.8878 (BEN),0.8848 (CAF)
GMB,Gambia,2,0.8899 (COM),0.8264 (BEN),0.8684 (BEN),0.8477 (BEN),0.8673 (SLE),0.8695 (GNB),0.8744 (BEN),0.8734 (BEN),0.8655 (BEN),0.8852 (BEN),0.9053 (BEN),0.8900 (BEN),0.8848 (BEN),0.8850 (GNB),0.8812 (BEN)
GMB,Gambia,3,0.8492 (SLE),0.8226 (COM),0.8405 (GNB),0.8463 (GNB),0.8449 (GNB),0.8628 (BEN),0.8639 (HTI),0.8481 (CMR),0.8390 (CIV),0.8769 (CIV),0.8974 (CAF),0.8846 (TGO),0.8698 (COM),0.8746 (CAF),0.8700 (SLE)
GNB,Guinea-Bissau,1,0.9115 (MOZ),0.9106 (BEN),0.8906 (TGO),0.9144 (BEN),0.8969 (COM),0.8824 (MDG),0.9316 (TGO),0.8887 (MDG),0.8712 (SEN),0.9465 (TGO),0.9290 (TGO),0.9260 (TGO),0.9166 (TGO),0.9430 (TGO),0.9325 (TGO)
GNB,Guinea-Bissau,2,0.8967 (COM),0.8936 (COM),0.8759 (COM),0.9046 (MLI),0.8954 (BFA),0.8822 (TGO),0.9122 (BEN),0.8810 (CAF),0.8678 (CAF),0.9070 (MDG),0.9230 (BEN),0.9098 (BEN),0.9098 (BEN),0.9230 (BEN),0.9131 (NER)
GNB,Guinea-Bissau,3,0.8957 (BFA),0.8875 (TGO),0.8669 (MLI),0.8983 (COM),0.8797 (MDG),0.8718 (MOZ),0.9024 (CAF),0.8744 (MWI),0.8512 (TGO),0.9038 (BEN),0.9003 (NER),0.9047 (NER),0.9020 (NER),0.9187 (NER),0.9111 (MLI)
GNQ,Equatorial Guinea,1,0.7433 (MRT),0.8325 (GAB),0.7647 (COG),0.7617 (COG),0.8104 (GAB),0.7393 (COG),0.8870 (COG),0.8628 (COG),0.8251 (COG),0.7337 (COG),0.7674 (COG),0.7624 (COG),0.7507 (COG),0.6404 (COG),0.7337 (NAM)
GNQ,Equatorial Guinea,2,0.6973 (GAB),0.8022 (COG),0.7141 (IRQ),0.6998 (IRQ),0.6831 (IRQ),0.7035 (GAB),0.7347 (GAB),0.7747 (GAB),0.7381 (GAB),0.7083 (NAM),0.7371 (GAB),0.7202 (GAB),0.7215 (GAB),0.6024 (BWA),0.7230 (COG)
GNQ,Equatorial Guinea,3,0.6941 (AGO),0.7523 (MRT),0.7034 (AGO),0.6564 (AGO),0.6522 (AGO),0.7019 (AGO),0.6186 (NAM),0.7224 (NAM),0.7253 (AGO),0.6070 (LBY),0.6401 (NAM),0.6986 (AGO),0.7027 (BWA),0.6015 (AGO),0.7167 (BWA)
GRC,Greece,1,0.8772 (ESP),0.8883 (PRT),0.9427 (ESP),0.9359 (ESP),0.9428 (ESP),0.9100 (ESP),0.9210 (ESP),0.9174 (ESP),0.9068 (ESP),0.8858 (ESP),0.9006 (ESP),0.8694 (ITA),0.8825 (HRV),0.8708 (FRA),0.8906 (SWE)
GRC,Greece,2,0.8654 (HRV),0.8850 (ESP),0.9375 (PRT),0.8958 (PRT),0.9172 (PRT),0.9035 (PRT),0.8894 (PRT),0.8807 (ITA),0.8670 (ITA),0.8643 (FRA),0.8701 (FRA),0.8692 (ESP),0.8547 (ITA),0.8660 (ESP),0.8867 (ESP)
GRC,Greece,3,0.8577 (ITA),0.8429 (ITA),0.8919 (HRV),0.8785 (HRV),0.8781 (ITA),0.8910 (ITA),0.8823 (ITA),0.8722 (FRA),0.8604 (FRA),0.8544 (PRT),0.8636 (ITA),0.8464 (HRV),0.8374 (ESP),0.8490 (ITA),0.8748 (FRA)
GTM,Guatemala,1,0.8373 (SEN),0.8112 (SEN),0.7941 (SEN),0.8190 (KEN),0.8336 (KEN),0.7922 (PAK),0.7599 (KEN),0.7620 (PAK),0.7648 (CIV),0.7688 (CIV),0.7954 (CIV),0.7695 (CIV),0.7271 (PAK),0.7266 (BGD),0.7847 (BEN)
GTM,Guatemala,2,0.8037 (BEN),0.7954 (KEN),0.7730 (TGO),0.8039 (PAK),0.8195 (PAK),0.7833 (CIV),0.7564 (CIV),0.7286 (BEN),0.7159 (PAK),0.7579 (PAK),0.7692 (PAK),0.7260 (BEN),0.7176 (BGD),0.6543 (PAK),0.7733 (CIV)
GTM,Guatemala,3,0.7942 (PAK),0.7924 (BEN),0.7711 (BEN),0.8029 (BEN),0.7973 (BEN),0.7657 (KEN),0.7512 (PAK),0.7190 (CIV),0.7116 (BEN),0.7252 (SLE),0.7527 (SLE),0.6683 (BGD),0.7099 (CIV),0.6152 (ETH),0.7437 (ETH)
HND,Honduras,1,0.7245 (TGO),0.7511 (SLB),0.7794 (MOZ),0.7428 (MOZ),0.6706 (MDG),0.7094 (MDG),0.7283 (MDG),0.7784 (MDG),0.7705 (SEN),0.7920 (MDG),0.6840 (NAM),0.6987 (RWA),0.7791 (MOZ),0.8118 (MOZ),0.8212 (MDG)
HND,Honduras,2,0.7189 (SEN),0.7396 (TGO),0.7618 (SLB),0.7135 (SEN),0.6666 (NIC),0.6948 (MOZ),0.7178 (SEN),0.7508 (GMB),0.7539 (MOZ),0.7789 (MOZ),0.6741 (MDG),0.6964 (NIC),0.7170 (RWA),0.7904 (RWA),0.7963 (MOZ)
HND,Honduras,3,0.7041 (MDG),0.7325 (MDG),0.7531 (TGO),0.7045 (TGO),0.6585 (MWI),0.6868 (NIC),0.7052 (BFA),0.7457 (GIN),0.7318 (TGO),0.7712 (MRT),0.6738 (MOZ),0.6131 (BFA),0.6909 (MDG),0.7809 (MDG),0.7914 (RWA)
HRV,Croatia,1,0.9059 (LVA),0.9043 (PRT),0.9014 (PRT),0.9135 (PRT),0.9112 (PRT),0.9079 (LVA),0.9231 (LVA),0.9200 (LVA),0.9280 (LVA),0.9179 (LVA),0.9116 (LVA),0.8846 (LVA),0.8825 (GRC),0.9073 (SVK),0.9013 (BGR)
HRV,Croatia,2,0.8992 (PRT),0.8810 (SVN),0.8919 (GRC),0.8825 (LVA),0.8988 (SRB),0.8985 (SRB),0.9026 (LTU),0.9065 (BIH),0.8906 (LTU),0.8991 (LTU),0.8587 (PRT),0.8646 (SRB),0.8651 (LVA),0.8998 (SRB),0.8905 (LTU)
HRV,Croatia,3,0.8696 (SVN),0.8536 (HUN),0.8753 (MNE),0.8785 (GRC),0.8873 (BIH),0.8983 (PRT),0.8994 (BIH),0.8899 (LTU),0.8889 (SRB),0.8979 (SRB),0.8480 (SRB),0.8478 (MNE),0.8620 (BIH),0.8888 (SVN),0.8877 (SVK)
HTI,Haiti,1,0.7593 (SLE),0.8653 (CAF),0.8727 (SLE),0.8628 (SLE),0.8037 (RWA),0.8646 (SLE),0.8639 (GMB),0.8714 (SLE),0.8655 (SLE),0.7970 (SLE),0.8567 (SLE),0.8358 (GMB),0.8199 (SLE),0.8160 (CAF),0.7630 (SLE)
HTI,Haiti,2,0.7564 (CMR),0.8608 (SLE),0.8390 (NPL),0.8455 (NPL),0.7906 (CMR),0.8594 (GMB),0.8586 (GHA),0.8226 (GMB),0.7888 (ZWE),0.7760 (ZWE),0.8380 (GMB),0.8222 (NPL),0.7913 (GMB),0.7773 (SLE),0.7407 (PAK)
HTI,Haiti,3,0.7358 (MDG),0.8430 (RWA),0.8328 (RWA),0.8295 (RWA),0.7727 (GMB),0.8131 (GHA),0.8202 (SLE),0.7664 (CAF),0.7681 (GMB),0.7497 (GMB),0.8226 (CAF),0.8119 (SLE),0.7710 (SYR),0.7742 (PAK),0.7400 (CAF)
HUN,Hungary,1,0.8900 (EST),0.9449 (SVK),0.9324 (LTU),0.9378 (LTU),0.9283 (LTU),0.9371 (CZE),0.9259 (CZE),0.9199 (LTU),0.9306 (LTU),0.9268 (LTU),0.9220 (CZE),0.9239 (CZE),0.9412 (BGR),0.9098 (BGR),0.9192 (BGR)
HUN,Hungary,2,0.8849 (CZE),0.9012 (CZE),0.9296 (SVK),0.9272 (SVK),0.9142 (CZE),0.9329 (LTU),0.9241 (LTU),0.9155 (CZE),0.8843 (SVK),0.9125 (CZE),0.9144 (SVK),0.9161 (BGR),0.8936 (POL),0.8958 (LVA),0.9145 (CZE)
HUN,Hungary,3,0.8638 (SVK),0.8898 (SVN),0.9170 (CZE),0.9181 (CZE),0.9064 (SVK),0.9244 (SVK),0.9058 (SVK),0.8806 (BGR),0.8760 (LVA),0.8971 (POL),0.8959 (BGR),0.8935 (LVA),0.8834 (SVK),0.8940 (SVK),0.9141 (SVK)
IDN,Indonesia,1,0.8580 (IND),0.8460 (IND),0.8201 (IND),0.8440 (IND),0.8276 (IND),0.8406 (IND),0.8377 (IND),0.8357 (BGD),0.8322 (IND),0.8304 (BGD),0.8354 (BGD),0.8128 (EGY),0.8442 (EGY),0.8236 (IND),0.8271 (IND)
IDN,Indonesia,2,0.8445 (EGY),0.7621 (BGD),0.7457 (BGD),0.7615 (BGD),0.7813 (PHL),0.7640 (BGD),0.7304 (PHL),0.8228 (IND),0.8226 (BGD),0.7913 (EGY),0.7974 (IND),0.7974 (BGD),0.7992 (BGD),0.8172 (BGD),0.7614 (BGD)
IDN,Indonesia,3,0.7462 (BGD),0.7441 (EGY),0.7380 (PHL),0.7369 (PHL),0.7633 (BGD),0.7291 (PHL),0.7005 (EGY),0.7126 (PHL),0.6909 (EGY),0.7877 (IND),0.7856 (EGY),0.7929 (IND),0.7670 (IND),0.7998 (EGY),0.6363 (EGY)
IND,India,1,0.8580 (IDN),0.8460 (IDN),0.8340 (PAK),0.8481 (BGD),0.8521 (BGD),0.8546 (BGD),0.8377 (IDN),0.8545 (BGD),0.8461 (BGD),0.8321 (PAK),0.8032 (PAK),0.8205 (BGD),0.8160 (BGD),0.8236 (IDN),0.8271 (IDN)
IND,India,2,0.7972 (BGD),0.8098 (BGD),0.8286 (BGD),0.8440 (IDN),0.8276 (IDN),0.8406 (IDN),0.8113 (PAK),0.8228 (IDN),0.8345 (PAK),0.8198 (BGD),0.7974 (IDN),0.7929 (IDN),0.7670 (IDN),0.8126 (BGD),0.7793 (BGD)
IND,India,3,0.7375 (EGY),0.7247 (PAK),0.8201 (IDN),0.8239 (PAK),0.7904 (PHL),0.8111 (PAK),0.7669 (PHL),0.8114 (PAK),0.8322 (IDN),0.7877 (IDN),0.7798 (BGD),0.7791 (PAK),0.7253 (PAK),0.6953 (EGY),0.6957 (PAK)
IRL,Ireland,1,0.8686 (SVN),0.9301 (SVK),0.9211 (SVK),0.9221 (SVK),0.8458 (LTU),0.6693 (SVK),0.8351 (SVK),0.8429 (SVN),0.8436 (SVN),0.8679 (SVN),0.8094 (SVN),0.8059 (SVN),0.8319 (SGP),0.8520 (CZE),0.8819 (SGP)
IRL,Ireland,2,0.8455 (CZE),0.9136 (SVN),0.9097 (BEL),0.9073 (BEL),0.8442 (SVK),0.6572 (CZE),0.8342 (SGP),0.8139 (SGP),0.8170 (SGP),0.8493 (SGP),0.8010 (SGP),0.7719 (CHE),0.7948 (ARE),0.8479 (AUT),0.8424 (CHE)
IRL,Ireland,3,0.7812 (SVK),0.9041 (BEL),0.8979 (SVN),0.9028 (SVN),0.8437 (SVN),0.5972 (HUN),0.8241 (CZE),0.8124 (CZE),0.8060 (SVK),0.7798 (SVK),0.7865 (CHE),0.7469 (EST),0.7765 (AUT),0.8370 (CHE),0.8277 (SVN)
IRN,Iran,1,0.6635 (KAZ),0.7200 (ARG),0.7511 (ARG),0.7624 (ARG),0.6980 (CHN),0.6906 (BRA),0.7648 (TUR),0.7723 (TUR),0.8642 (ARG),0.8470 (ARG),0.8102 (TUR),0.7770 (ARG),0.8468 (TUR),0.8020 (TUR),0.8246 (TUR)
IRN,Iran,2,0.6482 (DZA),0.7116 (RUS),0.7291 (EGY),0.6469 (BLR),0.6553 (EGY),0.6497 (RUS),0.6838 (CHN),0.7259 (ARG),0.7309 (TUR),0.8193 (TUR),0.7116 (CHN),0.7434 (TUR),0.7780 (ARG),0.6992 (CHN),0.7116 (ARG)
IRN,Iran,3,0.6444 (TUR),0.7020 (DZA),0.6433 (DZA),0.6105 (EGY),0.6532 (COL),0.6186 (COL),0.5886 (UZB),0.6635 (COL),0.6768 (DZA),0.6028 (CHL),0.6264 (RUS),0.7055 (RUS),0.7538 (DZA),0.6494 (DZA),0.6429 (CHL)
IRQ,Iraq,1,0.8702 (DZA),0.8495 (DZA),0.7201 (AGO),0.7843 (DZA),0.7507 (DZA),0.7542 (DZA),0.5210 (DZA),0.7682 (DZA),0.7814 (DZA),0.6395 (DZA),0.7893 (DZA),0.8451 (DZA),0.8157 (DZA),0.7116 (GAB),0.6387 (LBY)
IRQ,Iraq,2,0.7877 (AGO),0.7934 (AGO),0.7141 (GNQ),0.7316 (AGO),0.7365 (COG),0.7092 (COG),0.4462 (OMN),0.7202 (COG),0.7153 (COG),0.6028 (COG),0.6713 (COG),0.6920 (GAB),0.6659 (GAB),0.6045 (AZE),0.6383 (DZA)
IRQ,Iraq,3,0.7682 (GAB),0.7520 (GAB),0.6805 (DZA),0.6998 (GNQ),0.7037 (GAB),0.6234 (GAB),0.4457 (BOL),0.7073 (GNQ),0.6806 (AGO),0.5742 (GNQ),0.6158 (GNQ),0.6276 (AGO),0.5904 (IRN),0.5750 (BRN),0.5512 (GNQ)
ISL,Iceland,1,0.8908 (NZL),0.9001 (NZL),0.8923 (DNK),0.8874 (NZL),0.8805 (DNK),0.8694 (NZL),0.8577 (NZL),0.8886 (NZL),0.8768 (NZL),0.8922 (NZL),0.8630 (NZL),0.8429 (NZL),0.7884 (ISR),0.8158 (DNK),0.8639 (EST)
ISL,Iceland,2,0.8822 (DNK),0.8899 (FIN),0.8823 (FIN),0.8814 (DNK),0.8734 (NZL),0.8626 (EST),0.8556 (DNK),0.8368 (DNK),0.7976 (ISR),0.8074 (ISR),0.8282 (NOR),0.8371 (FIN),0.7656 (DNK),0.7999 (NZL),0.8365 (NZL)
ISL,Iceland,3,0.8296 (FIN),0.8760 (DNK),0.8404 (EST),0.8633 (FIN),0.8585 (FIN),0.8560 (DNK),0.8261 (EST),0.8231 (SWE),0.7861 (SWE),0.7880 (SWE),0.8068 (ISR),0.8343 (DNK),0.7598 (AUT),0.7803 (FIN),0.8298 (AUT)
ISR,Israel,1,0.9096 (SWE),0.9100 (SWE),0.8922 (SWE),0.9023 (SWE),0.9075 (NZL),0.9126 (NZL),0.8813 (NZL),0.8463 (SWE),0.8713 (NZL),0.8695 (NZL),0.8789 (NZL),0.8586 (GBR),0.8654 (GBR),0.9041 (NZL),0.8813 (NZL)
ISR,Israel,2,0.8848 (CAN),0.8966 (NZL),0.8877 (AUS),0.8827 (AUS),0.9034 (SWE),0.8857 (AUS),0.8811 (AUS),0.8393 (DNK),0.8654 (AUS),0.8577 (AUS),0.8636 (AUS),0.8484 (DNK),0.8527 (AUS),0.8341 (AUS),0.8734 (GBR)
ISR,Israel,3,0.8826 (GBR),0.8961 (DNK),0.8856 (GBR),0.8780 (GBR),0.8816 (AUS),0.8656 (SWE),0.8785 (SWE),0.8334 (GBR),0.8515 (SWE),0.8436 (SWE),0.8403 (SWE),0.8364 (SWE),0.8131 (CAN),0.8330 (GBR),0.8392 (AUS)
ITA,Italy,1,0.9493 (FRA),0.9451 (FRA),0.9369 (FRA),0.9471 (ESP),0.9431 (ESP),0.9301 (ESP),0.9468 (ESP),0.9457 (ESP),0.9532 (ESP),0.9195 (ESP),0.9136 (PRT),0.9206 (ESP),0.9312 (ESP),0.9232 (FRA),0.9232 (FRA)
ITA,Italy,2,0.9416 (ESP),0.9277 (ESP),0.9323 (ESP),0.9320 (FRA),0.9251 (FRA),0.9237 (FRA),0.9210 (PRT),0.9268 (FRA),0.9325 (FRA),0.9138 (FRA),0.9065 (FRA),0.8922 (FRA),0.8892 (FRA),0.9043 (ESP),0.9046 (JPN)
ITA,Italy,3,0.9277 (PRT),0.9102 (GBR),0.8982 (GBR),0.8912 (PRT),0.9052 (PRT),0.9177 (PRT),0.9047 (FRA),0.9114 (PRT),0.8926 (PRT),0.8880 (PRT),0.9032 (ESP),0.8694 (GRC),0.8773 (PRT),0.8894 (JPN),0.8913 (ESP)
JPN,Japan,1,0.8819 (ITA),0.8787 (ITA),0.8937 (AUS),0.9243 (AUS),0.9243 (AUS),0.9096 (GBR),0.8950 (DEU),0.9088 (DEU),0.9052 (DEU),0.9102 (DEU),0.9090 (DEU),0.9014 (AUS),0.8956 (KOR),0.9216 (DEU),0.9293 (DEU)
JPN,Japan,2,0.8699 (DEU),0.8717 (FRA),0.8922 (USA),0.9137 (GBR),0.9240 (DEU),0.9045 (AUS),0.8895 (AUS),0.8923 (GBR),0.8884 (GBR),0.8912 (GBR),0.8790 (KOR),0.8921 (DEU),0.8951 (DEU),0.8956 (KOR),0.9046 (ITA)
JPN,Japan,3,0.8685 (USA),0.8574 (USA),0.8919 (CAN),0.9118 (CAN),0.9220 (GBR),0.9031 (DEU),0.8845 (GBR),0.8764 (USA),0.8729 (AUS),0.8753 (USA),0.8748 (AUS),0.8897 (GBR),0.8703 (ITA),0.8894 (ITA),0.8831 (KOR)
KAZ,Kazakhstan,1,0.6635 (IRN),0.6780 (RUS),0.6659 (RUS),0.6063 (RUS),0.6192 (KOR),0.6656 (AUS),0.5880 (AZE),0.6086 (IRN),0.6117 (ARE),0.6274 (MYS),0.6099 (MYS),0.5755 (IRN),0.6227 (IRN),0.6136 (RUS),0.6526 (RUS)
KAZ,Kazakhstan,2,0.6468 (SAU),0.6616 (QAT),0.6620 (ARE),0.5566 (KOR),0.6186 (RUS),0.6432 (USA),0.5682 (ARG),0.5952 (ARE),0.5339 (RUS),0.4980 (EGY),0.5361 (SAU),0.5575 (MNG),0.6133 (SAU),0.6058 (USA),0.6150 (USA)
KAZ,Kazakhstan,3,0.6111 (AZE),0.6373 (ARE),0.6377 (KOR),0.5419 (BLR),0.5932 (CAN),0.6320 (CAN),0.5600 (RUS),0.5853 (MYS),0.5261 (QAT),0.4965 (IRL),0.5174 (AUS),0.5467 (MYS),0.5862 (OMN),0.5974 (AUS),0.5958 (IRN)
KEN,Kenya,1,0.9047 (ETH),0.9540 (MDG),0.9277 (MDG),0.9263 (MDG),0.9092 (MDG),0.9072 (MDG),0.9050 (MDG),0.8921 (PAK),0.9026 (PAK),0.8785 (PAK),0.9086 (PAK),0.8833 (PAK),0.8727 (UGA),0.8766 (UGA),0.8748 (CMR)
KEN,Kenya,2,0.8978 (TGO),0.9094 (TZA),0.9157 (TZA),0.9017 (PAK),0.8974 (PAK),0.8829 (PAK),0.8742 (PAK),0.8802 (MDG),0.8626 (MWI),0.8476 (MWI),0.8853 (SLE),0.8659 (MWI),0.8653 (PAK),0.8695 (MDG),0.8745 (UGA)
KEN,Kenya,3,0.8787 (SEN),0.9055 (ETH),0.9076 (BEN),0.9003 (TZA),0.8929 (TZA),0.8732 (ETH),0.8601 (CMR),0.8728 (MWI),0.8446 (CIV),0.8371 (SLE),0.8847 (CMR),0.8644 (CMR),0.8628 (MWI),0.8633 (CMR),0.8738 (MDG)
KGZ,Kyrgyzstan,1,0.6082 (TJK),0.7686 (TJK),0.7296 (TJK),0.7365 (TJK),0.6852 (TJK),0.6767 (TJK),0.7195 (TJK),0.7466 (TJK),0.6566 (TJK),0.7136 (TJK),0.6022 (TJK),0.6347 (TJK),0.5476 (TJK),0.6196 (FJI),0.6210 (TJK)
KGZ,Kyrgyzstan,2,0.6076 (TON),0.6096 (NIC),0.6392 (MDA),0.6529 (MDA),0.5405 (NIC),0.5733 (SLB),0.4809 (NIC),0.5113 (TON),0.5066 (TON),0.6664 (UZB),0.5543 (UZB),0.5836 (UZB),0.5388 (UZB),0.6078 (UZB),0.6144 (VNM)
KGZ,Kyrgyzstan,3,0.5057 (FJI),0.6026 (MDA),0.5637 (TON),0.5562 (NIC),0.4960 (SLB),0.5546 (TON),0.4767 (SLB),0.4859 (VNM),0.4602 (SLB),0.4183 (TON),0.3912 (SLB),0.5024 (TLS),0.4700 (FJI),0.6017 (TJK),0.5755 (UZB)
KHM,Cambodia,1,0.8079 (TZA),0.7987 (TZA),0.8149 (UGA),0.8347 (UGA),0.8030 (UGA),0.7585 (UGA),0.7186 (UGA),0.7200 (GHA),0.7170 (VNM),0.7673 (GHA),0.7940 (GHA),0.7342 (GHA),0.7470 (VNM),0.7913 (VNM),0.8072 (VNM)
KHM,Cambodia,2,0.7871 (UGA),0.7578 (TGO),0.7476 (TZA),0.7452 (TZA),0.7506 (TZA),0.7386 (TZA),0.7174 (TZA),0.6977 (TZA),0.7151 (GHA),0.7545 (VNM),0.7158 (VNM),0.7279 (VNM),0.6654 (GHA),0.7238 (GHA),0.6903 (GHA)
KHM,Cambodia,3,0.7512 (GHA),0.7521 (GTM),0.7307 (TGO),0.7212 (ETH),0.7144 (ETH),0.7183 (ETH),0.6877 (ETH),0.6755 (VNM),0.6310 (TCD),0.7044 (TZA),0.6759 (TZA),0.6806 (TZA),0.6517 (TZA),0.6495 (TZA),0.5951 (IDN)
KOR,South Korea,1,0.8920 (DEU),0.8809 (AUT),0.9150 (DEU),0.9056 (DEU),0.9176 (DEU),0.9036 (DEU),0.8978 (DEU),0.9053 (DEU),0.8923 (DEU),0.8989 (DEU),0.9033 (DEU),0.9056 (DEU),0.9117 (DEU),0.9186 (DEU),0.9074 (POL)
KOR,South Korea,2,0.8277 (AUT),0.8772 (CZE),0.8791 (CZE),0.8658 (CZE),0.8792 (CAN),0.8789 (CHL),0.8905 (POL),0.8894 (POL),0.8643 (JPN),0.8725 (NOR),0.8790 (JPN),0.8696 (CAN),0.8956 (JPN),0.9078 (POL),0.9058 (CZE)
KOR,South Korea,3,0.8189 (POL),0.8494 (DEU),0.8745 (AUT),0.8614 (CHL),0.8608 (CZE),0.8693 (JPN),0.8650 (CZE),0.8583 (CZE),0.8585 (AUT),0.8676 (JPN),0.8581 (AUS),0.8571 (AUS),0.8642 (ITA),0.8956 (JPN),0.9038 (DEU)
KWT,Kuwait,1,0.9115 (BHR),0.8935 (SAU),0.9671 (QAT),0.9065 (QAT),0.8654 (BHR),0.9298 (OMN),0.9500 (QAT),0.9298 (OMN),0.8549 (OMN),0.8094 (QAT),0.9029 (OMN),0.8971 (OMN),0.9350 (QAT),0.9118 (OMN),0.8627 (BHR)
KWT,Kuwait,2,0.8803 (OMN),0.8721 (ARE),0.8958 (SAU),0.8918 (SAU),0.8644 (OMN),0.9105 (QAT),0.9208 (OMN),0.8947 (QAT),0.8363 (QAT),0.7230 (ARE),0.8169 (BHR),0.8002 (SAU),0.9215 (OMN),0.8832 (SAU),0.7941 (BRN)
KWT,Kuwait,3,0.8101 (ARE),0.8494 (OMN),0.8640 (ARE),0.8808 (ARE),0.8295 (ARE),0.9070 (BHR),0.8874 (BHR),0.8450 (BHR),0.7490 (ARE),0.7189 (OMN),0.7988 (ARE),0.7877 (BRN),0.8706 (ARE),0.8320 (BHR),0.7887 (NOR)
LBN,Lebanon,1,0.7687 (MLT),0.8248 (BHS),0.7459 (LUX),0.6434 (QAT),0.6894 (QAT),0.8134 (BHS),0.7760 (LVA),0.7555 (BGR),0.7624 (BGR),0.7377 (URY),0.6998 (BHS),0.5184 (STP),0.5890 (STP),0.5039 (STP),0.4876 (STP)
LBN,Lebanon,2,0.7582 (BHS),0.8047 (MLT),0.7324 (BHS),0.6184 (OMN),0.4832 (BHR),0.7015 (CRI),0.7549 (BGR),0.7500 (LVA),0.7365 (URY),0.6994 (GRC),0.6853 (URY),0.4320 (URY),0.5179 (BHS),0.4558 (BHS),0.4869 (PSE)
LBN,Lebanon,3,0.7073 (PAN),0.7922 (CYP),0.7149 (CYP),0.4620 (SAU),0.4517 (ARE),0.6941 (ISR),0.7387 (PRT),0.7378 (HRV),0.6958 (HRV),0.6859 (LVA),0.6478 (GRC),0.3990 (SYR),0.4679 (CYP),0.4402 (SYR),0.4706 (SYR)
LBY,Libya,1,0.7977 (GAB),0.5319 (TUN),0.3937 (MNG),0.5172 (BRN),0.4501 (PSE),0.6436 (BWA),0.5897 (ZAF),0.3914 (TUR),0.6865 (BWA),0.6070 (GNQ),0.7452 (CPV),0.5690 (BWA),0.6654 (BRN),0.6085 (GAB),0.6387 (IRQ)
LBY,Libya,2,0.6850 (IRQ),0.5113 (GRC),0.3228 (ZWE),0.5106 (GNQ),0.4205 (UKR),0.5060 (ZAF),0.4861 (BRA),0.3876 (ROU),0.3985 (SAU),0.5586 (BWA),0.6797 (PAN),0.5152 (PER),0.6213 (GNQ),0.5916 (BRN),0.5936 (MNG)
LBY,Libya,3,0.6836 (COG),0.3899 (SRB),0.3088 (LVA),0.5079 (COG),0.4075 (BRN),0.4265 (DZA),0.4783 (NAM),0.3176 (ARM),0.3959 (BRN),0.5405 (NAM),0.6568 (BHS),0.4847 (TUR),0.5690 (GAB),0.5251 (IRQ),0.5889 (GAB)
LKA,Sri Lanka,1,0.5906 (VNM),0.5351 (BGD),0.5975 (BGD),0.5879 (MDA),0.6951 (BGD),0.7495 (BGD),0.7023 (BGD),0.7763 (BGD),0.6234 (BGD),0.5688 (BGD),0.6857 (BGD),0.7331 (BGD),0.4735 (SYR),0.5985 (BGD),0.6294 (BGD)
LKA,Sri Lanka,2,0.5566 (UZB),0.5236 (PHL),0.5045 (PHL),0.5311 (ROU),0.6098 (PHL),0.5866 (IDN),0.6210 (IDN),0.6325 (IDN),0.5422 (EGY),0.5594 (EGY),0.5596 (EGY),0.6618 (EGY),0.4654 (EGY),0.5785 (EGY),0.5372 (ALB)
LKA,Sri Lanka,3,0.5541 (MDA),0.4871 (UGA),0.4985 (TJK),0.5173 (BGD),0.5663 (IDN),0.5835 (TJK),0.5678 (TJK),0.6123 (TJK),0.5197 (IDN),0.4736 (IND),0.4818 (IND),0.5292 (TJK),0.4642 (BGD),0.5694 (ECU),0.5295 (IND)
LSO,Lesotho,1,0.9137 (NAM),0.8899 (NAM),0.8496 (NAM),0.9030 (NAM),0.8888 (NAM),0.8848 (NAM),0.8127 (SWZ),0.8408 (NAM),0.8564 (NAM),0.8482 (NAM),0.8563 (SWZ),0.8487 (NAM),0.8585 (NAM),0.8577 (NAM),0.8586 (NAM)
LSO,Lesotho,2,0.7694 (SWZ),0.7874 (SWZ),0.7828 (BWA),0.7721 (SWZ),0.7903 (SWZ),0.8300 (SWZ),0.7964 (NAM),0.7959 (SWZ),0.8483 (SWZ),0.7300 (SWZ),0.8270 (NAM),0.8340 (SWZ),0.8114 (SWZ),0.8089 (SWZ),0.8148 (SWZ)
LSO,Lesotho,3,0.7649 (BWA),0.7836 (BWA),0.7515 (SWZ),0.7405 (TLS),0.7358 (BWA),0.6712 (ZMB),0.6682 (TLS),0.6955 (TLS),0.6731 (GNQ),0.6952 (BWA),0.6900 (BWA),0.6837 (MOZ),0.6786 (BFA),0.6930 (MOZ),0.6876 (RWA)
LTU,Lithuania,1,0.9436 (LVA),0.9618 (LVA),0.9655 (LVA),0.9585 (LVA),0.9472 (LVA),0.9566 (LVA),0.9589 (LVA),0.9584 (LVA),0.9663 (LVA),0.9268 (HUN),0.9442 (LVA),0.9559 (EST),0.9265 (EST),0.9515 (EST),0.9542 (EST)
LTU,Lithuania,2,0.9102 (BGR),0.8897 (EST),0.9324 (HUN),0.9378 (HUN),0.9321 (SVK),0.9329 (HUN),0.9264 (BGR),0.9389 (BGR),0.9306 (HUN),0.9176 (EST),0.9413 (EST),0.9115 (LVA),0.9143 (LVA),0.9085 (LVA),0.8936 (DNK)
LTU,Lithuania,3,0.8856 (EST),0.8590 (HUN),0.9253 (EST),0.9157 (SVK),0.9283 (HUN),0.9249 (SVK),0.9241 (HUN),0.9199 (HUN),0.9089 (BGR),0.9121 (LVA),0.9141 (SVK),0.8852 (SVN),0.8776 (SVN),0.9018 (AUT),0.8914 (LVA)
LUX,Luxembourg,1,0.8813 (CYP),0.8972 (MLT),0.9203 (MLT),0.9209 (MLT),0.9129 (MLT),0.8830 (MLT),0.9340 (MLT),0.8596 (CYP),0.8897 (MLT),0.8951 (CYP),0.9424 (MLT),0.9170 (CYP),0.9504 (MLT),0.9372 (CYP),0.9350 (CYP)
LUX,Luxembourg,2,0.8748 (MLT),0.8809 (BEL),0.8567 (BEL),0.8669 (SGP),0.8607 (SGP),0.8660 (SGP),0.8867 (SGP),0.8373 (MLT),0.8669 (BEL),0.8893 (MLT),0.9348 (CYP),0.8921 (MLT),0.8711 (CYP),0.8807 (BEL),0.8985 (MLT)
LUX,Luxembourg,3,0.8632 (BEL),0.8798 (CYP),0.8545 (CYP),0.8543 (BEL),0.8510 (BEL),0.8625 (CYP),0.8697 (CYP),0.8329 (BEL),0.8619 (NLD),0.8710 (SGP),0.8739 (BEL),0.8870 (BEL),0.8595 (BEL),0.8627 (NLD),0.8844 (BEL)
LVA,Latvia,1,0.9436 (LTU),0.9618 (LTU),0.9655 (LTU),0.9585 (LTU),0.9472 (LTU),0.9566 (LTU),0.9589 (LTU),0.9584 (LTU),0.9663 (LTU),0.9179 (HRV),0.9442 (LTU),0.9169 (EST),0.9143 (LTU),0.9085 (LTU),0.9321 (EST)
LVA,Latvia,2,0.9173 (BGR),0.8835 (HUN),0.8970 (EST),0.9110 (HUN),0.8958 (EST),0.9079 (HRV),0.9231 (HRV),0.9200 (HRV),0.9280 (HRV),0.9121 (LTU),0.9208 (EST),0.9115 (LTU),0.8818 (SVK),0.8968 (EST),0.9093 (HUN)
LVA,Latvia,3,0.9059 (HRV),0.8790 (EST),0.8768 (HUN),0.8987 (EST),0.8762 (BGR),0.8746 (EST),0.8781 (EST),0.8771 (MNE),0.8936 (BGR),0.8821 (EST),0.9116 (HRV),0.8935 (HUN),0.8804 (HUN),0.8958 (HUN),0.8914 (LTU)
MAR,Morocco,1,0.4640 (SEN),0.4316 (MOZ),0.4371 (CIV),0.4757 (IND),0.4952 (DZA),0.5780 (IND),0.5650 (TUN),0.4445 (TUN),0.4517 (PSE),0.5903 (TUN),0.6794 (TUN),0.6022 (TUN),0.7592 (TUN),0.6212 (TUN),0.6539 (TUN)
MAR,Morocco,2,0.4375 (CIV),0.3394 (SEN),0.3893 (MOZ),0.4738 (DZA),0.4844 (TUN),0.5226 (NPL),0.5290 (DZA),0.4266 (ECU),0.4290 (GNB),0.4924 (DZA),0.5865 (DZA),0.4673 (COL),0.5201 (PSE),0.5240 (DZA),0.5403 (DZA)
MAR,Morocco,3,0.4185 (RWA),0.3339 (CMR),0.3777 (GNB),0.4393 (BFA),0.4118 (IND),0.4993 (DZA),0.4659 (BRA),0.4184 (BWA),0.4112 (SEN),0.4355 (BRA),0.4971 (COL),0.4414 (DZA),0.4144 (BRA),0.4396 (BRA),0.4379 (IND)
MDA,Moldova,1,0.6566 (GEO),0.6741 (FJI),0.6906 (TON),0.6529 (KGZ),0.6256 (TON),0.7111 (TON),0.7567 (TON),0.7001 (ROU),0.7265 (ROU),0.7254 (ROU),0.6258 (TON),0.5383 (HRV),0.6938 (UKR),0.8008 (MUS),0.7261 (MUS)
MDA,Moldova,2,0.6063 (UZB),0.6253 (TON),0.6448 (FJI),0.6444 (FJI),0.5717 (FJI),0.4938 (ROU),0.6432 (ROU),0.6998 (TON),0.6394 (FJI),0.6878 (BGR),0.5724 (ROU),0.5212 (QAT),0.6779 (TON),0.7458 (UKR),0.7033 (TON)
MDA,Moldova,3,0.5667 (UKR),0.6026 (KGZ),0.6392 (KGZ),0.5879 (LKA),0.5170 (VNM),0.4858 (FJI),0.6260 (FJI),0.6530 (FJI),0.6306 (ALB),0.6380 (HRV),0.5360 (POL),0.4988 (POL),0.5769 (SRB),0.6867 (TON),0.6325 (LVA)
MDG,Madagascar,1,0.9021 (TZA),0.9540 (KEN),0.9277 (KEN),0.9263 (KEN),0.9192 (NER),0.9441 (NER),0.9344 (TGO),0.9352 (NER),0.9155 (MWI),0.9398 (MWI),0.9502 (MWI),0.9695 (MWI),0.9630 (BFA),0.9704 (BFA),0.9699 (BFA)
MDG,Madagascar,2,0.8993 (MOZ),0.9398 (MLI),0.9243 (MLI),0.9129 (MLI),0.9149 (MLI),0.9296 (TGO),0.9310 (NER),0.9336 (MWI),0.9072 (MOZ),0.9379 (TGO),0.9352 (MOZ),0.9510 (NER),0.9431 (MWI),0.9493 (MOZ),0.9458 (UGA)
MDG,Madagascar,3,0.8883 (MLI),0.9305 (MWI),0.9168 (BEN),0.9111 (TGO),0.9092 (KEN),0.9255 (BEN),0.9158 (BFA),0.9268 (BFA),0.9018 (MLI),0.9300 (MOZ),0.9170 (BFA),0.9454 (TGO),0.9402 (MOZ),0.9491 (MWI),0.9421 (TGO)
MDV,Maldives,1,0.6269 (DJI),0.5880 (BLZ),0.6224 (BLZ),0.7103 (BLZ),0.6898 (BLZ),0.7145 (BLZ),0.6790 (MLT),0.6963 (MLT),0.7436 (MLT),0.7328 (MLT),0.7043 (BLZ),0.7812 (BLZ),0.7796 (CYP),0.7786 (CYP),0.8202 (CYP)
MDV,Maldives,2,0.6256 (BLZ),0.5646 (STP),0.6175 (CYP),0.5925 (LUX),0.6657 (MLT),0.6410 (CYP),0.6445 (CYP),0.6573 (CYP),0.6780 (CYP),0.6855 (CYP),0.6958 (CPV),0.6435 (PAN),0.7737 (BLZ),0.7237 (MUS),0.7428 (MUS)
MDV,Maldives,3,0.6067 (CPV),0.5622 (CPV),0.5784 (LUX),0.5758 (CPV),0.6304 (CYP),0.6318 (MLT),0.6445 (BLZ),0.6444 (LUX),0.5773 (LUX),0.6516 (BLZ),0.6149 (LBY),0.6082 (CYP),0.7316 (CPV),0.7091 (MNE),0.7410 (BLZ)
MEX,Mexico,1,0.6541 (USA),0.6793 (USA),0.6711 (USA),0.7057 (USA),0.6973 (CHL),0.6988 (KOR),0.6542 (KOR),0.6038 (RUS),0.5825 (RUS),0.6026 (JPN),0.6397 (MYS),0.6137 (CHN),0.6576 (CHN),0.6958 (CHN),0.6673 (JPN)
MEX,Mexico,2,0.6478 (CHL),0.6731 (CHL),0.6537 (CHL),0.6993 (CHL),0.6881 (USA),0.6922 (JPN),0.6279 (TUR),0.5775 (KOR),0.5561 (TUR),0.5667 (RUS),0.5582 (DOM),0.6035 (MYS),0.6164 (MYS),0.6733 (RUS),0.6335 (THA)
MEX,Mexico,3,0.6226 (IRN),0.6289 (BRA),0.6468 (RUS),0.6603 (JPN),0.6556 (JPN),0.6883 (CHL),0.6248 (CHL),0.5667 (CHN),0.5533 (ARE),0.5651 (CHL),0.5420 (RUS),0.5878 (RUS),0.6129 (KOR),0.6406 (JPN),0.6281 (RUS)
MKD,North Macedonia,1,0.9117 (BIH),0.8959 (BIH),0.9015 (BIH),0.8763 (SRB),0.8778 (BIH),0.8879 (BIH),0.8925 (SRB),0.8886 (SRB),0.8827 (ARM),0.8912 (BIH),0.9018 (BIH),0.8555 (BIH),0.8528 (BIH),0.8777 (BIH),0.8748 (BIH)
MKD,North Macedonia,2,0.8744 (SRB),0.8607 (LVA),0.8829 (MNE),0.8608 (MNE),0.8280 (GEO),0.8837 (SRB),0.8810 (BIH),0.8651 (BIH),0.8673 (BIH),0.8875 (SRB),0.8646 (SRB),0.8378 (SRB),0.8382 (MNE),0.8582 (SRB),0.8433 (SRB)
MKD,North Macedonia,3,0.8637 (MNE),0.8406 (SRB),0.8518 (HRV),0.8550 (BIH),0.8256 (ARM),0.8598 (ARM),0.8637 (GEO),0.8092 (GEO),0.8575 (SRB),0.8865 (ARM),0.8428 (LVA),0.8151 (LVA),0.8319 (LVA),0.8315 (MNE),0.8429 (LVA)
MLI,Mali,1,0.9703 (NER),0.9583 (NER),0.9647 (BFA),0.9828 (NER),0.9766 (NER),0.9777 (NER),0.9765 (NER),0.9835 (NER),0.9770 (NER),0.9474 (SEN),0.9787 (TCD),0.9689 (TCD),0.9693 (TCD),0.9653 (TCD),0.9616 (TCD)
MLI,Mali,2,0.9659 (BFA),0.9559 (BFA),0.9592 (NER),0.9627 (BFA),0.9626 (BFA),0.9541 (BFA),0.9561 (BFA),0.9512 (TCD),0.9694 (TCD),0.9360 (GIN),0.9441 (NER),0.9533 (NER),0.9440 (SEN),0.9607 (GIN),0.9550 (BFA)
MLI,Mali,3,0.9421 (BEN),0.9423 (TCD),0.9481 (BEN),0.9468 (BEN),0.9438 (TGO),0.9421 (TGO),0.9444 (SEN),0.9419 (BFA),0.9302 (BEN),0.9348 (TCD),0.9344 (SEN),0.9312 (MOZ),0.9417 (GIN),0.9497 (NER),0.9513 (NER)
MLT,Malta,1,0.8748 (LUX),0.8972 (LUX),0.9203 (LUX),0.9209 (LUX),0.9129 (LUX),0.8830 (LUX),0.9340 (LUX),0.8503 (CYP),0.8897 (LUX),0.8893 (LUX),0.9424 (LUX),0.9290 (CYP),0.9504 (LUX),0.8481 (LUX),0.8985 (LUX)
MLT,Malta,2,0.8363 (BEL),0.8760 (CYP),0.8643 (BEL),0.8302 (SGP),0.8041 (SGP),0.8557 (CYP),0.8318 (CYP),0.8373 (LUX),0.8318 (CYP),0.7707 (CYP),0.9088 (CYP),0.8921 (LUX),0.8635 (CYP),0.8191 (CYP),0.8803 (CYP)
MLT,Malta,3,0.8240 (CYP),0.8626 (BEL),0.8558 (CYP),0.8294 (BEL),0.8009 (BEL),0.7723 (SGP),0.8115 (SGP),0.7246 (SGP),0.7659 (ISL),0.7488 (ISL),0.7980 (BEL),0.8325 (BEL),0.8163 (SGP),0.7804 (SGP),0.8459 (SGP)
MNE,Montenegro,1,0.8637 (MKD),0.8368 (HRV),0.8829 (MKD),0.8748 (LVA),0.8590 (LVA),0.8690 (CYP),0.8713 (LVA),0.8771 (LVA),0.8929 (LVA),0.8487 (LVA),0.8032 (BHS),0.8478 (HRV),0.8579 (HRV),0.8432 (GEO),0.8612 (LVA)
MNE,Montenegro,2,0.8359 (EST),0.8230 (MKD),0.8753 (HRV),0.8684 (HRV),0.8405 (CYP),0.8682 (LVA),0.8489 (GEO),0.8188 (CYP),0.8433 (HRV),0.8323 (MKD),0.8008 (HRV),0.8436 (LVA),0.8382 (MKD),0.8315 (MKD),0.8464 (EST)
MNE,Montenegro,3,0.8185 (LVA),0.7918 (BHS),0.8677 (CYP),0.8608 (MKD),0.8365 (HRV),0.8496 (HRV),0.8346 (HRV),0.7995 (HRV),0.8248 (CYP),0.8322 (HRV),0.7937 (GRC),0.8371 (GEO),0.8357 (LVA),0.8300 (HRV),0.8408 (MKD)
MNG,Mongolia,1,0.6368 (UZB),0.5102 (BLR),0.5642 (BLR),0.4972 (BOL),0.5001 (NIC),0.5109 (COG),0.5880 (GNQ),0.4748 (GNQ),0.5322 (UZB),0.5570 (GAB),0.5527 (BRN),0.6800 (BRN),0.6698 (BRN),0.5171 (MYS),0.5936 (LBY)
MNG,Mongolia,2,0.6365 (COG),0.5064 (NIC),0.4662 (BOL),0.4136 (KGZ),0.4992 (BOL),0.5045 (GAB),0.5775 (COG),0.4616 (GAB),0.4699 (AZE),0.5467 (UZB),0.5042 (UZB),0.6092 (GAB),0.5844 (OMN),0.5083 (KAZ),0.5406 (MYS)
MNG,Mongolia,3,0.5581 (GAB),0.4761 (GHA),0.4124 (NIC),0.3576 (NIC),0.3865 (BLR),0.4921 (GNQ),0.5672 (GAB),0.4439 (AZE),0.4542 (KAZ),0.4649 (KAZ),0.4881 (MYS),0.5615 (IRQ),0.5423 (KAZ),0.5042 (LBY),0.5189 (BHR)
MOZ,Mozambique,1,0.9408 (BFA),0.9358 (TGO),0.9195 (BFA),0.9209 (GIN),0.8932 (GIN),0.9301 (GIN),0.9087 (BFA),0.9202 (MDG),0.9163 (BFA),0.9300 (MDG),0.9463 (BFA),0.9465 (GIN),0.9402 (MDG),0.9493 (MDG),0.9397 (MDG)
MOZ,Mozambique,2,0.9388 (MWI),0.9214 (BFA),0.9113 (TGO),0.8975 (TGO),0.8874 (BFA),0.8983 (MDG),0.9056 (MDG),0.9200 (BFA),0.9157 (GIN),0.9224 (GIN),0.9414 (GIN),0.9434 (MDG),0.9338 (GIN),0.9456 (GIN),0.9349 (BFA)
MOZ,Mozambique,3,0.9333 (NER),0.9056 (NER),0.9051 (SEN),0.8840 (MLI),0.8752 (NER),0.8978 (BFA),0.8863 (MWI),0.8896 (MWI),0.9072 (MDG),0.9224 (BFA),0.9352 (MDG),0.9312 (MLI),0.9196 (BFA),0.9354 (BFA),0.9255 (GIN)
MRT,Mauritania,1,0.8961 (AGO),0.8646 (ZMB),0.7818 (AGO),0.8397 (ZMB),0.7696 (COG),0.9169 (SEN),0.8774 (AGO),0.8869 (SEN),0.8542 (GIN),0.8716 (GIN),0.8941 (AGO),0.8987 (AGO),0.8203 (GIN),0.8883 (MOZ),0.8800 (GIN)
MRT,Mauritania,2,0.8407 (GIN),0.8537 (AGO),0.7814 (BFA),0.8180 (GIN),0.7228 (SEN),0.8706 (BFA),0.8621 (GMB),0.8519 (RWA),0.8480 (MOZ),0.8632 (AGO),0.8776 (GIN),0.8747 (MOZ),0.7698 (SLB),0.8786 (GIN),0.8742 (AGO)
MRT,Mauritania,3,0.7817 (COD),0.8182 (COG),0.7780 (COD),0.8085 (AGO),0.6411 (BFA),0.8447 (RWA),0.8108 (RWA),0.8473 (BFA),0.8290 (MLI),0.8590 (MOZ),0.8762 (MLI),0.8743 (GIN),0.7393 (MOZ),0.8635 (AGO),0.8709 (MOZ)
MUS,Mauritius,1,0.6869 (LVA),0.7106 (LVA),0.6938 (LVA),0.7274 (LVA),0.7505 (LVA),0.7642 (LVA),0.7679 (LVA),0.7499 (LVA),0.7475 (HRV),0.7220 (HRV),0.7532 (BLZ),0.7047 (CYP),0.8089 (HRV),0.8008 (MDA),0.7428 (MDV)
MUS,Mauritius,2,0.6777 (MNE),0.6934 (MNE),0.6502 (MNE),0.6832 (LTU),0.7049 (LTU),0.7128 (LTU),0.7305 (HRV),0.7387 (HRV),0.7448 (LVA),0.7185 (CYP),0.7281 (BHS),0.6961 (SVK),0.7354 (MNE),0.7570 (SRB),0.7415 (BIH)
MUS,Mauritius,3,0.6773 (LTU),0.6746 (SVN),0.6476 (GEO),0.6722 (SVK),0.6826 (SVK),0.7061 (CYP),0.7261 (LTU),0.7271 (CYP),0.7414 (CYP),0.6931 (MNE),0.7277 (MNE),0.6760 (MKD),0.7350 (BIH),0.7289 (ARM),0.7350 (SRB)
MWI,Malawi,1,0.9388 (MOZ),0.9305 (MDG),0.8829 (KEN),0.8598 (ZWE),0.8741 (MDG),0.8880 (MDG),0.9067 (MDG),0.9336 (MDG),0.9155 (MDG),0.9398 (MDG),0.9502 (MDG),0.9695 (MDG),0.9431 (MDG),0.9491 (MDG),0.9381 (MDG)
MWI,Malawi,2,0.8994 (BFA),0.9022 (MLI),0.8586 (MDG),0.8414 (MDG),0.8626 (RWA),0.8715 (GNB),0.8863 (MOZ),0.8896 (MOZ),0.8911 (BFA),0.9120 (BFA),0.9270 (BFA),0.9025 (NER),0.9149 (BFA),0.9277 (BFA),0.9195 (MOZ)
MWI,Malawi,3,0.8878 (MDG),0.8929 (KEN),0.8586 (BFA),0.8379 (KEN),0.8457 (KEN),0.8587 (KEN),0.8276 (KEN),0.8786 (BFA),0.8626 (KEN),0.8955 (GNB),0.9103 (MOZ),0.9018 (MOZ),0.8658 (MOZ),0.9032 (MOZ),0.9166 (BFA)
MYS,Malaysia,1,0.7070 (ARE),0.7468 (ARE),0.7854 (KOR),0.7934 (ARE),0.7437 (KOR),0.7417 (KOR),0.7301 (ARE),0.7183 (ARE),0.7363 (IRL),0.8070 (ARE),0.7641 (ARE),0.8157 (ARE),0.7247 (IRL),0.7671 (ARE),0.6908 (BHR)
MYS,Malaysia,2,0.6740 (KOR),0.7303 (KOR),0.7692 (ARE),0.7536 (KOR),0.7366 (ARE),0.7277 (CZE),0.7260 (KOR),0.7112 (IRL),0.7256 (KOR),0.7208 (IRL),0.7090 (KOR),0.7036 (BLR),0.6538 (BHR),0.7142 (KOR),0.6866 (KOR)
MYS,Malaysia,3,0.6621 (SGP),0.6245 (SGP),0.6760 (BHR),0.6949 (BHR),0.6776 (CZE),0.7149 (ARE),0.6983 (CZE),0.6894 (KOR),0.7220 (ARE),0.7050 (KOR),0.6813 (IRL),0.6727 (KOR),0.6453 (POL),0.6815 (BLR),0.6769 (THA)
NAM,Namibia,1,0.9137 (LSO),0.8899 (LSO),0.8496 (LSO),0.9030 (LSO),0.8888 (LSO),0.8848 (LSO),0.7964 (LSO),0.8408 (LSO),0.8564 (LSO),0.8482 (LSO),0.8270 (LSO),0.8487 (LSO),0.8585 (LSO),0.8621 (SWZ),0.8605 (SWZ)
NAM,Namibia,2,0.8333 (SWZ),0.8667 (SWZ),0.8412 (SWZ),0.7807 (SWZ),0.7830 (SWZ),0.8026 (SWZ),0.7508 (SWZ),0.7843 (COG),0.8349 (SWZ),0.7083 (GNQ),0.7887 (SWZ),0.8465 (SWZ),0.8293 (SWZ),0.8577 (LSO),0.8586 (LSO)
NAM,Namibia,3,0.8026 (BWA),0.7752 (BWA),0.7606 (BWA),0.7310 (BWA),0.7441 (BWA),0.6853 (AGO),0.7239 (COG),0.7377 (SWZ),0.7052 (GNQ),0.7047 (ZMB),0.7351 (AGO),0.7264 (MRT),0.7259 (AGO),0.8181 (MRT),0.8260 (COG)
NER,Niger,1,0.9703 (MLI),0.9583 (MLI),0.9784 (BFA),0.9828 (MLI),0.9766 (MLI),0.9777 (MLI),0.9765 (MLI),0.9835 (MLI),0.9770 (MLI),0.9586 (TCD),0.9604 (TCD),0.9595 (TCD),0.9451 (TGO),0.9497 (MLI),0.9513 (MLI)
NER,Niger,2,0.9572 (BFA),0.9400 (TCD),0.9592 (MLI),0.9583 (BFA),0.9503 (BFA),0.9495 (BFA),0.9385 (BFA),0.9429 (TCD),0.9424 (TCD),0.9100 (TGO),0.9571 (BEN),0.9540 (TGO),0.9447 (BEN),0.9483 (TCD),0.9443 (TGO)
NER,Niger,3,0.9333 (MOZ),0.9325 (SEN),0.9491 (TCD),0.9235 (SEN),0.9269 (TGO),0.9441 (MDG),0.9310 (MDG),0.9352 (MDG),0.9379 (BEN),0.9029 (BEN),0.9566 (TGO),0.9533 (MLI),0.9318 (MLI),0.9377 (BEN),0.9422 (BEN)
NIC,Nicaragua,1,0.5954 (HND),0.6708 (HND),0.6696 (GHA),0.5960 (HND),0.6666 (HND),0.6868 (HND),0.6495 (HND),0.7186 (HND),0.5665 (GNQ),0.6338 (HND),0.6403 (GIN),0.6964 (HND),0.6245 (HND),0.6155 (HND),0.5964 (HND)
NIC,Nicaragua,2,0.5854 (MDG),0.6649 (GHA),0.6687 (HND),0.5947 (TGO),0.5941 (GHA),0.6026 (GNB),0.6146 (MDG),0.6265 (MDG),0.5553 (COG),0.5773 (HTI),0.6337 (CAF),0.5592 (TJK),0.5916 (MOZ),0.5942 (SLE),0.5586 (GHA)
NIC,Nicaragua,3,0.5800 (NPL),0.6419 (TJK),0.6196 (TJK),0.5730 (TJK),0.5803 (MDG),0.6006 (TJK),0.5914 (GIN),0.5726 (GNB),0.4696 (HND),0.5404 (ZWE),0.6313 (MOZ),0.5530 (GIN),0.5482 (TGO),0.5763 (TJK),0.5540 (SLE)
NLD,Netherlands,1,0.9682 (BEL),0.9684 (DNK),0.9841 (BEL),0.9847 (BEL),0.9853 (BEL),0.9843 (BEL),0.9772 (BEL),0.9734 (BEL),0.9627 (BEL),0.9622 (BEL),0.9786 (BEL),0.9787 (BEL),0.9737 (BEL),0.9640 (BEL),0.9661 (BEL)
NLD,Netherlands,2,0.9504 (DNK),0.9658 (BEL),0.9653 (DNK),0.9676 (DNK),0.9642 (DNK),0.9552 (DNK),0.9487 (DNK),0.9497 (DNK),0.9168 (DNK),0.9189 (DNK),0.9441 (DNK),0.9571 (DNK),0.9241 (DNK),0.9340 (DNK),0.9114 (SWE)
NLD,Netherlands,3,0.9149 (AUT),0.9443 (SWE),0.9412 (SWE),0.9340 (SWE),0.9300 (SWE),0.9094 (SWE),0.9049 (SWE),0.8982 (SWE),0.8950 (SWE),0.8935 (SWE),0.8925 (SWE),0.8957 (SWE),0.9007 (AUT),0.9110 (SWE),0.9097 (DNK)
NOR,Norway,1,0.8644 (FIN),0.8852 (FIN),0.8879 (AUT),0.8941 (AUT),0.8985 (AUT),0.9196 (AUT),0.9324 (FIN),0.9085 (FIN),0.9058 (FIN),0.9348 (FIN),0.9566 (FIN),0.8286 (FIN),0.7596 (CZE),0.8108 (DNK),0.8777 (FIN)
NOR,Norway,2,0.8586 (AUT),0.8615 (AUS),0.8809 (FIN),0.8890 (FIN),0.8811 (FIN),0.9079 (FIN),0.9249 (AUT),0.9055 (AUT),0.8766 (AUT),0.9170 (AUT),0.9182 (SWE),0.8213 (CAN),0.7532 (BHR),0.7911 (QAT),0.8670 (DNK)
NOR,Norway,3,0.8578 (CAN),0.8566 (AUT),0.8527 (AUS),0.8664 (CAN),0.8756 (CAN),0.8895 (SWE),0.9185 (SWE),0.9022 (SWE),0.8728 (SWE),0.9043 (DNK),0.9179 (DNK),0.8152 (KOR),0.7313 (FIN),0.7640 (BRN),0.8505 (AUT)
NPL,Nepal,1,0.7924 (GHA),0.7682 (HTI),0.8390 (HTI),0.8455 (HTI),0.7610 (BGD),0.7717 (HTI),0.7716 (HTI),0.7118 (HTI),0.6856 (BGD),0.7350 (GMB),0.8093 (HTI),0.8222 (HTI),0.7393 (GMB),0.7197 (HTI),0.6353 (PAK)
NPL,Nepal,2,0.7713 (GMB),0.7533 (SLE),0.7667 (BGD),0.7758 (BGD),0.7590 (HTI),0.7315 (PAK),0.6893 (GMB),0.6543 (BGD),0.6806 (PAK),0.7350 (SLE),0.7677 (GMB),0.7842 (GMB),0.7218 (HTI),0.6616 (GMB),0.5935 (GMB)
NPL,Nepal,3,0.7553 (SLE),0.7378 (ETH),0.7400 (GMB),0.7409 (GMB),0.7327 (ETH),0.7249 (GMB),0.6704 (SLE),0.6447 (PAK),0.6501 (GMB),0.6975 (KEN),0.7619 (SYR),0.7469 (PAK),0.6992 (PAK),0.6411 (PAK),0.5785 (HTI)
NZL,New Zealand,1,0.8936 (AUS),0.9088 (FIN),0.8846 (CAN),0.8874 (ISL),0.9161 (AUS),0.9188 (AUS),0.8999 (AUS),0.9078 (AUS),0.9104 (AUS),0.9050 (AUS),0.8789 (ISR),0.9042 (AUS),0.8569 (AUS),0.9041 (ISR),0.8990 (AUS)
NZL,New Zealand,2,0.8908 (ISL),0.9001 (ISL),0.8831 (SWE),0.8690 (CAN),0.9075 (ISR),0.9126 (ISR),0.8813 (ISR),0.8886 (ISL),0.8776 (CAN),0.8922 (ISL),0.8775 (AUS),0.8429 (ISL),0.8259 (FIN),0.8980 (AUS),0.8813 (ISR)
NZL,New Zealand,3,0.8907 (DNK),0.8990 (SWE),0.8654 (AUS),0.8688 (FIN),0.8846 (CAN),0.8706 (CAN),0.8577 (ISL),0.8623 (CAN),0.8768 (ISL),0.8695 (ISR),0.8630 (ISL),0.8397 (FIN),0.8203 (JPN),0.8557 (CAN),0.8365 (ISL)
OMN,Oman,1,0.8803 (KWT),0.8494 (KWT),0.8089 (KWT),0.9312 (QAT),0.8834 (QAT),0.9333 (SAU),0.9208 (KWT),0.9298 (KWT),0.9254 (QAT),0.8734 (QAT),0.9029 (KWT),0.8971 (KWT),0.9215 (KWT),0.9129 (SAU),0.9307 (QAT)
OMN,Oman,2,0.8655 (BRN),0.7520 (SAU),0.7255 (QAT),0.9192 (SAU),0.8644 (KWT),0.9298 (KWT),0.9166 (QAT),0.8828 (QAT),0.8549 (KWT),0.8541 (SAU),0.8597 (BHR),0.8092 (BRN),0.9168 (QAT),0.9118 (KWT),0.9134 (SAU)
OMN,Oman,3,0.8309 (ARE),0.6624 (GNQ),0.7121 (SAU),0.8765 (KWT),0.8524 (BHR),0.9225 (QAT),0.8679 (SAU),0.8534 (BHR),0.8123 (BRN),0.8316 (BRN),0.8230 (ARE),0.7869 (BHR),0.8952 (ARE),0.7870 (ARE),0.8551 (ARE)
PAK,Pakistan,1,0.8255 (TZA),0.8756 (KEN),0.8917 (KEN),0.9017 (KEN),0.8974 (KEN),0.8829 (KEN),0.8742 (KEN),0.8921 (KEN),0.9026 (KEN),0.8785 (KEN),0.9086 (KEN),0.9264 (ETH),0.9156 (ETH),0.8746 (ETH),0.8868 (ETH)
PAK,Pakistan,2,0.8176 (BEN),0.8365 (ETH),0.8589 (ETH),0.8706 (ETH),0.8665 (ETH),0.8511 (ETH),0.8319 (ETH),0.8216 (ETH),0.8525 (ETH),0.8679 (ETH),0.9011 (ETH),0.8833 (KEN),0.8653 (KEN),0.8325 (CMR),0.8179 (CMR)
PAK,Pakistan,3,0.8091 (MLI),0.8341 (MDG),0.8589 (TZA),0.8543 (TZA),0.8573 (TZA),0.8220 (TZA),0.8113 (IND),0.8114 (IND),0.8345 (IND),0.8321 (IND),0.8437 (CIV),0.8355 (CIV),0.8364 (CMR),0.8015 (NER),0.8005 (KEN)
PAN,Panama,1,0.7186 (LUX),0.6654 (SGP),0.6599 (SGP),0.6718 (SGP),0.6862 (SGP),0.6584 (SGP),0.6646 (CHE),0.6834 (CHE),0.7060 (CHE),0.6942 (CHE),0.6939 (BHS),0.7287 (BHS),0.6720 (BHS),0.6468 (CRI),0.6864 (CHE)
PAN,Panama,2,0.7073 (LBN),0.6163 (LUX),0.6309 (LUX),0.5946 (CHE),0.6300 (CHE),0.6432 (CHE),0.6417 (SGP),0.5966 (SGP),0.5492 (SGP),0.6193 (SGP),0.6797 (LBY),0.6435 (MDV),0.6062 (GEO),0.6274 (ARM),0.6564 (CRI)
PAN,Panama,3,0.6616 (SGP),0.5531 (LBN),0.5779 (MLT),0.5942 (MLT),0.5666 (LUX),0.5790 (MLT),0.5163 (LUX),0.5779 (MLT),0.5481 (BHS),0.5336 (IRL),0.6202 (CPV),0.6406 (BLZ),0.5791 (CYP),0.6261 (GEO),0.6474 (BHS)
PER,Peru,1,0.6725 (DOM),0.7552 (ECU),0.6765 (ECU),0.7492 (ECU),0.6754 (COL),0.6744 (COL),0.6384 (COL),0.6462 (COL),0.6036 (COL),0.6234 (ECU),0.6479 (ARG),0.6336 (DOM),0.5751 (MEX),0.7188 (COL),0.6453 (CHL)
PER,Peru,2,0.6665 (PRY),0.6605 (IDN),0.6220 (COL),0.7097 (COL),0.6674 (ECU),0.6096 (IDN),0.6347 (IDN),0.5709 (IDN),0.5846 (ECU),0.5772 (COL),0.6405 (COL),0.6037 (TUR),0.5598 (CHN),0.6408 (ARG),0.6438 (COL)
PER,Peru,3,0.5866 (IDN),0.6530 (COL),0.6151 (IDN),0.6175 (IDN),0.6158 (MEX),0.5793 (MEX),0.5339 (CHN),0.5501 (MEX),0.5783 (BOL),0.5746 (BOL),0.5958 (BOL),0.5941 (ARG),0.5224 (BRA),0.5661 (CHL),0.6402 (IRN)
PHL,Philippines,1,0.8159 (UGA),0.7660 (BGD),0.8004 (UGA),0.7932 (UGA),0.8193 (BGD),0.8121 (BGD),0.7669 (IND),0.7695 (BGD),0.7589 (BGD),0.7309 (BGD),0.6473 (IND),0.6331 (IND),0.6704 (IND),0.6914 (IND),0.6629 (IND)
PHL,Philippines,2,0.7854 (TZA),0.7618 (TZA),0.7380 (IDN),0.7617 (BGD),0.7904 (IND),0.7710 (IND),0.7455 (PAK),0.7182 (IND),0.7159 (IND),0.6776 (IDN),0.5833 (GTM),0.5998 (GTM),0.4983 (BGD),0.5687 (IDN),0.5402 (GTM)
PHL,Philippines,3,0.7374 (BGD),0.7278 (PAK),0.7216 (BGD),0.7511 (PAK),0.7813 (IDN),0.7291 (IDN),0.7304 (IDN),0.7126 (IDN),0.6901 (IDN),0.6695 (IND),0.5709 (IDN),0.5918 (IDN),0.4779 (IDN),0.5366 (BGD),0.5305 (IDN)
POL,Poland,1,0.9292 (DEU),0.9217 (DEU),0.9052 (DEU),0.8990 (CZE),0.8803 (CZE),0.9090 (CZE),0.9142 (CZE),0.9184 (CZE),0.8727 (HUN),0.9124 (CZE),0.9434 (ROU),0.9308 (CZE),0.8936 (HUN),0.9078 (KOR),0.9074 (KOR)
POL,Poland,2,0.8950 (CZE),0.8670 (CZE),0.9033 (CZE),0.8838 (DEU),0.8673 (DEU),0.8795 (ROU),0.8905 (KOR),0.8894 (KOR),0.8554 (ROU),0.8971 (HUN),0.8910 (HUN),0.9075 (ROU),0.8892 (ROU),0.8945 (DEU),0.9037 (CZE)
POL,Poland,3,0.8710 (AUT),0.8574 (HUN),0.8606 (HUN),0.8512 (SVK),0.8637 (ROU),0.8693 (HUN),0.8807 (ROU),0.8790 (DEU),0.8398 (KOR),0.8890 (ROU),0.8766 (BGR),0.8900 (HUN),0.8622 (BGR),0.8858 (HUN),0.8771 (HUN)
PRT,Portugal,1,0.9277 (ITA),0.9305 (ESP),0.9375 (GRC),0.9318 (ESP),0.9255 (ESP),0.9177 (ITA),0.9210 (ITA),0.9114 (ITA),0.8926 (ITA),0.8880 (ITA),0.9136 (ITA),0.8933 (AUT),0.8773 (ITA),0.8697 (ESP),0.8705 (AUT)
PRT,Portugal,2,0.9102 (ESP),0.9043 (HRV),0.9349 (ESP),0.9135 (HRV),0.9172 (GRC),0.9081 (ESP),0.9073 (ESP),0.8910 (ESP),0.8752 (HRV),0.8693 (HRV),0.8729 (AUT),0.8612 (FIN),0.8742 (AUT),0.8391 (AUT),0.8659 (ESP)
PRT,Portugal,3,0.8992 (HRV),0.8927 (ITA),0.9014 (HRV),0.8958 (GRC),0.9112 (HRV),0.9035 (GRC),0.8894 (GRC),0.8821 (HRV),0.8585 (AUT),0.8544 (GRC),0.8587 (HRV),0.8602 (ESP),0.8590 (ESP),0.8331 (ITA),0.8465 (ITA)
PRY,Paraguay,1,0.6665 (PER),0.5772 (ECU),0.6169 (ECU),0.6749 (ECU),0.5830 (IDN),0.6556 (AZE),0.6026 (KHM),0.5610 (KHM),0.5265 (AZE),0.5620 (AZE),0.6085 (UZB),0.6200 (GAB),0.5341 (GAB),0.5905 (TJK),0.5369 (KHM)
PRY,Paraguay,2,0.6192 (DOM),0.5568 (PER),0.5661 (GTM),0.6177 (BOL),0.5791 (ECU),0.5419 (IDN),0.5971 (IDN),0.5205 (GHA),0.4946 (TJK),0.5049 (GAB),0.5566 (TJK),0.5530 (MNG),0.4310 (DZA),0.4675 (MNG),0.5303 (GAB)
PRY,Paraguay,3,0.5025 (BTN),0.5565 (IDN),0.5551 (BOL),0.5614 (VNM),0.5644 (AZE),0.5234 (TJK),0.5926 (TJK),0.5139 (AZE),0.4758 (GAB),0.4984 (AGO),0.5403 (EGY),0.5424 (GHA),0.4118 (GHA),0.4645 (KHM),0.5244 (TJK)
PSE,Palestine,1,0.5918 (STP),0.5574 (STP),0.5354 (STP),0.5691 (STP),0.4789 (STP),0.5106 (STP),0.4897 (DJI),0.6559 (TUN),0.5120 (BLZ),0.6019 (TUN),0.6352 (TUN),0.5649 (TUN),0.5756 (TUN),0.5387 (ZAF),0.5638 (BWA)
PSE,Palestine,2,0.4038 (TLS),0.4629 (CRI),0.4519 (TUN),0.5080 (TUN),0.4635 (TUN),0.5072 (TUN),0.4685 (CPV),0.4220 (DZA),0.4607 (NAM),0.4932 (SYR),0.5535 (CPV),0.4961 (CPV),0.5213 (DJI),0.4780 (GNQ),0.5167 (BOL)
PSE,Palestine,3,0.3341 (MDV),0.4138 (CPV),0.4228 (CRI),0.4361 (CRI),0.4501 (LBY),0.4424 (CPV),0.4503 (STP),0.4105 (DJI),0.4517 (MAR),0.4821 (NAM),0.5533 (LBY),0.4411 (DJI),0.5201 (MAR),0.4695 (GAB),0.5068 (IRQ)
QAT,Qatar,1,0.7466 (SAU),0.8227 (ARE),0.9671 (KWT),0.9312 (OMN),0.8834 (OMN),0.9225 (OMN),0.9500 (KWT),0.8947 (KWT),0.9254 (OMN),0.8788 (ARE),0.8445 (SAU),0.8139 (SAU),0.9350 (KWT),0.8208 (BHR),0.9307 (OMN)
QAT,Qatar,2,0.6884 (KOR),0.8185 (BRN),0.8995 (ARE),0.9065 (KWT),0.8439 (BHR),0.9105 (KWT),0.9166 (OMN),0.8828 (OMN),0.8886 (ARE),0.8734 (OMN),0.6379 (BRN),0.7872 (CZE),0.9168 (OMN),0.7975 (BRN),0.8911 (SAU)
QAT,Qatar,3,0.6460 (BRN),0.8083 (BHR),0.8608 (SAU),0.8702 (SAU),0.8356 (ARE),0.9003 (ARE),0.9128 (ARE),0.8771 (ARE),0.8839 (BHR),0.8132 (BRN),0.5363 (MYS),0.7658 (SGP),0.8963 (ARE),0.7911 (NOR),0.8886 (ARE)
ROU,Romania,1,0.6563 (POL),0.7570 (POL),0.8267 (POL),0.8470 (POL),0.8637 (POL),0.8795 (POL),0.8807 (POL),0.8396 (LTU),0.8554 (POL),0.8890 (POL),0.9434 (POL),0.9075 (POL),0.8892 (POL),0.8817 (POL),0.8662 (POL)
ROU,Romania,2,0.6498 (HRV),0.6694 (DEU),0.6886 (LTU),0.7510 (BGR),0.7665 (LTU),0.8156 (BGR),0.8636 (BGR),0.8347 (POL),0.8520 (HUN),0.8622 (BGR),0.8763 (BGR),0.8509 (CZE),0.8408 (SRB),0.8483 (HRV),0.8507 (HUN)
ROU,Romania,3,0.6449 (SRB),0.6547 (LTU),0.6877 (BGR),0.7275 (CZE),0.7296 (HUN),0.7925 (LTU),0.8537 (LTU),0.7890 (BGR),0.8415 (LTU),0.8449 (HRV),0.8427 (SRB),0.8238 (SRB),0.8402 (HRV),0.8414 (SVK),0.8188 (ITA)
RUS,Russia,1,0.8032 (UKR),0.8119 (ARG),0.7981 (USA),0.8522 (DEU),0.8263 (JPN),0.7597 (JPN),0.8510 (JPN),0.8277 (KOR),0.7885 (SAU),0.8426 (KOR),0.8369 (KOR),0.8239 (SAU),0.7837 (USA),0.8374 (JPN),0.8002 (KOR)
RUS,Russia,2,0.7582 (POL),0.7444 (UKR),0.7880 (DEU),0.8508 (USA),0.8071 (DEU),0.7503 (DEU),0.8173 (DEU),0.8243 (DEU),0.7520 (DEU),0.8323 (JPN),0.8240 (JPN),0.7556 (KOR),0.7725 (DEU),0.8217 (CHN),0.7988 (POL)
RUS,Russia,3,0.7507 (DEU),0.7116 (IRN),0.7539 (CAN),0.8428 (JPN),0.8043 (USA),0.7393 (CAN),0.8003 (KOR),0.8113 (JPN),0.7439 (KOR),0.8278 (DEU),0.8176 (DEU),0.7543 (POL),0.7344 (AUS),0.8123 (KOR),0.7938 (JPN)
RWA,Rwanda,1,0.8861 (MWI),0.8794 (MWI),0.8642 (BFA),0.8596 (SEN),0.8654 (BFA),0.8935 (SEN),0.8643 (SEN),0.8519 (MRT),0.8371 (UGA),0.8414 (UGA),0.8620 (UGA),0.8447 (MWI),0.8147 (MOZ),0.9042 (MOZ),0.8881 (MOZ)
RWA,Rwanda,2,0.8697 (BFA),0.8629 (BFA),0.8552 (MWI),0.8518 (ETH),0.8626 (MWI),0.8532 (ETH),0.8432 (BFA),0.8393 (UGA),0.8268 (SEN),0.8143 (MLI),0.8384 (MWI),0.8148 (MDG),0.7941 (MWI),0.8593 (MRT),0.8805 (BFA)
RWA,Rwanda,3,0.8484 (GNB),0.8505 (SLE),0.8525 (NER),0.8454 (BFA),0.8583 (ETH),0.8447 (MRT),0.8243 (ETH),0.8254 (MWI),0.7978 (BFA),0.8105 (SEN),0.8264 (MLI),0.8123 (MOZ),0.7873 (MDG),0.8555 (MWI),0.8705 (MDG)
SAU,Saudi Arabia,1,0.7466 (QAT),0.8935 (KWT),0.8958 (KWT),0.9192 (OMN),0.8259 (OMN),0.9333 (OMN),0.8766 (KWT),0.8041 (RUS),0.7885 (RUS),0.8541 (OMN),0.8445 (QAT),0.8239 (RUS),0.8936 (OMN),0.9129 (OMN),0.9134 (OMN)
SAU,Saudi Arabia,2,0.7149 (BLR),0.7634 (ARE),0.8608 (QAT),0.8918 (KWT),0.8135 (KWT),0.8860 (QAT),0.8679 (OMN),0.7781 (NOR),0.7731 (ROU),0.7909 (RUS),0.5566 (AUS),0.8139 (QAT),0.8490 (KWT),0.8832 (KWT),0.8911 (QAT)
SAU,Saudi Arabia,3,0.7060 (RUS),0.7520 (OMN),0.7614 (ARE),0.8702 (QAT),0.7775 (BRN),0.8796 (KWT),0.8410 (QAT),0.7641 (KOR),0.7095 (BLR),0.7891 (KOR),0.5378 (BRN),0.8002 (KWT),0.7983 (ARE),0.7684 (CAN),0.8182 (ARE)
SEN,Senegal,1,0.9577 (BEN),0.9492 (BEN),0.9466 (BFA),0.9380 (MLI),0.9402 (BFA),0.9399 (BFA),0.9444 (MLI),0.9303 (MLI),0.8985 (BEN),0.9474 (MLI),0.9344 (MLI),0.9216 (MLI),0.9440 (MLI),0.9348 (MLI),0.7701 (BEN)
SEN,Senegal,2,0.9439 (TGO),0.9325 (NER),0.9392 (BEN),0.9316 (BFA),0.9071 (BEN),0.9169 (MRT),0.9408 (BFA),0.9298 (BEN),0.8913 (MLI),0.9168 (BEN),0.9209 (BEN),0.9111 (BEN),0.9038 (BFA),0.9065 (BFA),0.7687 (MLI)
SEN,Senegal,3,0.9374 (MLI),0.9263 (TGO),0.9336 (MLI),0.9235 (NER),0.9002 (MLI),0.9135 (MLI),0.9107 (BEN),0.9167 (BFA),0.8813 (TGO),0.9058 (MDG),0.9120 (NER),0.9082 (BFA),0.8927 (MDG),0.8976 (BEN),0.7639 (CIV)
SGP,Singapore,1,0.8000 (MLT),0.8584 (CHE),0.8676 (CHE),0.9007 (CHE),0.8824 (CHE),0.8788 (CHE),0.9001 (CHE),0.8409 (BEL),0.8675 (CHE),0.8965 (CHE),0.8919 (BEL),0.8632 (BGR),0.8472 (LUX),0.8592 (ARE),0.8819 (IRL)
SGP,Singapore,2,0.7792 (CHE),0.8576 (LUX),0.8493 (LUX),0.8669 (LUX),0.8607 (LUX),0.8660 (LUX),0.8867 (LUX),0.8152 (CHE),0.8355 (BEL),0.8710 (LUX),0.8692 (CHE),0.8404 (CZE),0.8319 (IRL),0.8359 (IRL),0.8783 (CHE)
SGP,Singapore,3,0.7751 (LUX),0.8085 (BEL),0.7924 (MLT),0.8310 (IRL),0.8081 (BEL),0.8254 (BEL),0.8342 (IRL),0.8139 (IRL),0.8267 (LUX),0.8493 (IRL),0.8540 (NLD),0.8257 (HUN),0.8253 (CHE),0.8151 (LUX),0.8543 (LUX)
SLB,Solomon Islands,1,0.7820 (TLS),0.7559 (GNB),0.7680 (MDG),0.7581 (MOZ),0.7806 (GNB),0.7602 (MDG),0.7886 (GNB),0.7801 (MDG),0.7629 (MDG),0.8145 (GNB),0.8508 (GNB),0.8190 (GNB),0.7698 (MRT),0.8144 (GNB),0.8072 (GNB)
SLB,Solomon Islands,2,0.7443 (GNB),0.7511 (HND),0.7618 (HND),0.7534 (MDG),0.7615 (MDG),0.7487 (NER),0.7618 (MLI),0.7708 (GNB),0.7614 (MOZ),0.7759 (MOZ),0.8195 (NER),0.7845 (NER),0.6904 (GNB),0.7954 (BFA),0.7908 (MOZ)
SLB,Solomon Islands,3,0.7187 (TGO),0.7504 (NER),0.7430 (MOZ),0.7187 (TLS),0.7273 (NER),0.7295 (GNB),0.7448 (NER),0.7689 (MLI),0.7443 (MWI),0.7667 (MDG),0.8120 (MDG),0.7838 (COM),0.6560 (BFA),0.7938 (MWI),0.7874 (BFA)
SLE,Sierra Leone,1,0.8949 (TZA),0.9079 (CAF),0.9222 (BEN),0.9462 (CIV),0.8673 (GMB),0.9057 (BEN),0.9231 (CAF),0.9381 (GMB),0.8883 (TCD),0.9390 (GMB),0.9430 (BEN),0.9523 (BEN),0.9232 (ETH),0.9298 (BEN),0.9198 (BEN)
SLE,Sierra Leone,2,0.8869 (GHA),0.9031 (TZA),0.8992 (GHA),0.8756 (BEN),0.8103 (GHA),0.8703 (GMB),0.9229 (BEN),0.9086 (TCD),0.8840 (MDG),0.9167 (CIV),0.9350 (TCD),0.9511 (TGO),0.9184 (TCD),0.9253 (CIV),0.9161 (CIV)
SLE,Sierra Leone,3,0.8662 (GIN),0.9011 (BEN),0.8985 (TZA),0.8698 (CMR),0.7731 (TCD),0.8646 (HTI),0.9149 (CMR),0.8976 (CMR),0.8835 (GMB),0.9057 (BEN),0.9328 (GMB),0.9382 (CIV),0.9070 (BEN),0.9056 (CAF),0.9135 (CAF)
SLV,El Salvador,1,0.5945 (CPV),0.4878 (CPV),0.5069 (HND),0.4923 (CPV),0.5337 (CPV),0.4879 (CPV),0.4698 (CPV),0.4672 (CPV),0.5205 (CPV),0.4966 (CPV),0.5296 (CPV),0.5347 (MDV),0.4663 (MDA),0.4923 (MDA),0.5034 (CPV)
SLV,El Salvador,2,0.4673 (FJI),0.4741 (GTM),0.5054 (GTM),0.4861 (HND),0.4423 (GTM),0.4139 (GTM),0.3710 (NIC),0.3501 (GTM),0.3975 (LBN),0.4598 (BGR),0.4518 (URY),0.4958 (CPV),0.4444 (ECU),0.4813 (CPV),0.4922 (CRI)
SLV,El Salvador,3,0.4384 (HND),0.4626 (HND),0.5049 (CPV),0.4379 (GTM),0.3494 (HND),0.3445 (NIC),0.3439 (LBN),0.3448 (LBN),0.3922 (MDA),0.4443 (LBN),0.4276 (ECU),0.4817 (BLZ),0.4227 (URY),0.4480 (UKR),0.4882 (MDA)
SRB,Serbia,1,0.9054 (BIH),0.8556 (BIH),0.8672 (BIH),0.8763 (MKD),0.8988 (HRV),0.8985 (HRV),0.9257 (BIH),0.9258 (BIH),0.9431 (BIH),0.9263 (BIH),0.9105 (BIH),0.9296 (BIH),0.9174 (BIH),0.9132 (BIH),0.9151 (BIH)
SRB,Serbia,2,0.8744 (MKD),0.8406 (MKD),0.8603 (HRV),0.8339 (HRV),0.8722 (BIH),0.8837 (MKD),0.8954 (HRV),0.8886 (MKD),0.8889 (HRV),0.8979 (HRV),0.8871 (LTU),0.8793 (LVA),0.8644 (BGR),0.8998 (HRV),0.9012 (BGR)
SRB,Serbia,3,0.8636 (LTU),0.7972 (HRV),0.8403 (MKD),0.8205 (BIH),0.7971 (MKD),0.8741 (BIH),0.8925 (MKD),0.8837 (HRV),0.8598 (LTU),0.8875 (MKD),0.8867 (LVA),0.8646 (HRV),0.8521 (HRV),0.8699 (SVK),0.8722 (HRV)
STP,Sao Tome and Principe,1,0.7329 (CPV),0.7388 (CPV),0.7243 (CPV),0.7558 (CPV),0.7832 (DJI),0.7911 (CPV),0.7933 (CPV),0.7630 (CPV),0.6855 (CPV),0.6745 (COM),0.7561 (COM),0.7110 (COM),0.6916 (COM),0.6626 (COM),0.6533 (COM)
STP,Sao Tome and Principe,2,0.6677 (NAM),0.6747 (TLS),0.7000 (DJI),0.7078 (BLZ),0.7524 (CPV),0.7639 (BLZ),0.7847 (DJI),0.6982 (DJI),0.6481 (COM),0.6665 (BLZ),0.6505 (GMB),0.6735 (GMB),0.6563 (GMB),0.6229 (BLZ),0.6481 (GMB)
STP,Sao Tome and Principe,3,0.6532 (GMB),0.6647 (DJI),0.6808 (GMB),0.6993 (DJI),0.7432 (BLZ),0.7482 (DJI),0.6229 (BLZ),0.6524 (COM),0.6213 (DJI),0.6243 (CPV),0.6156 (GNB),0.6361 (CPV),0.5890 (LBN),0.6164 (GMB),0.5252 (CPV)
SVK,Slovakia,1,0.9016 (EST),0.9449 (HUN),0.9296 (HUN),0.9371 (SVN),0.9321 (LTU),0.9249 (LTU),0.9464 (SVN),0.8770 (HUN),0.9499 (SVN),0.9193 (SVN),0.9314 (SVN),0.9215 (SVN),0.9281 (SVN),0.9182 (SVN),0.9258 (SVN)
SVK,Slovakia,2,0.8824 (CZE),0.9386 (SVN),0.9289 (SVN),0.9272 (HUN),0.9142 (SVN),0.9244 (HUN),0.9058 (HUN),0.8717 (EST),0.9066 (LTU),0.9035 (LTU),0.9144 (HUN),0.8929 (EST),0.8834 (HUN),0.9073 (HRV),0.9141 (HUN)
SVK,Slovakia,3,0.8638 (HUN),0.9301 (IRL),0.9211 (IRL),0.9221 (IRL),0.9064 (HUN),0.8996 (CZE),0.8972 (EST),0.8694 (AUT),0.8843 (HUN),0.8806 (HUN),0.9141 (LTU),0.8837 (LTU),0.8818 (LVA),0.8940 (HUN),0.8877 (HRV)
SVN,Slovenia,1,0.9267 (CZE),0.9386 (SVK),0.9289 (SVK),0.9371 (SVK),0.9142 (SVK),0.7675 (EST),0.9464 (SVK),0.8747 (EST),0.9499 (SVK),0.9331 (EST),0.9314 (SVK),0.9437 (EST),0.9281 (SVK),0.9182 (SVK),0.9258 (SVK)
SVN,Slovenia,2,0.9246 (AUT),0.9136 (IRL),0.9133 (CZE),0.9159 (EST),0.8976 (EST),0.7555 (AUT),0.9408 (EST),0.8466 (SVK),0.9229 (EST),0.9193 (SVK),0.9271 (EST),0.9215 (SVK),0.8864 (AUT),0.8888 (HRV),0.9192 (CZE)
SVN,Slovenia,3,0.8944 (FIN),0.9093 (AUT),0.8979 (IRL),0.9059 (CZE),0.8696 (CZE),0.7178 (SVK),0.8975 (CZE),0.8429 (IRL),0.8856 (CZE),0.8915 (AUT),0.9041 (AUT),0.8943 (AUT),0.8776 (LTU),0.8669 (HUN),0.8901 (EST)
SWE,Sweden,1,0.9460 (FIN),0.9795 (DNK),0.9732 (DNK),0.9769 (DNK),0.9754 (DNK),0.9641 (DNK),0.9615 (DNK),0.9589 (DNK),0.9479 (DNK),0.9593 (DNK),0.9646 (DNK),0.9549 (DNK),0.9457 (DNK),0.9554 (DNK),0.9422 (DNK)
SWE,Sweden,2,0.9458 (DNK),0.9579 (FIN),0.9537 (FIN),0.9496 (FIN),0.9358 (FIN),0.9128 (FIN),0.9185 (NOR),0.9024 (BEL),0.9093 (BEL),0.9184 (BEL),0.9287 (FIN),0.9403 (FIN),0.9438 (FIN),0.9502 (FIN),0.9399 (FIN)
SWE,Sweden,3,0.9190 (BEL),0.9443 (NLD),0.9412 (NLD),0.9340 (NLD),0.9300 (NLD),0.9114 (BEL),0.9166 (AUT),0.9022 (NOR),0.9092 (FIN),0.9132 (FIN),0.9182 (NOR),0.9251 (AUT),0.9138 (BEL),0.9358 (BEL),0.9390 (BEL)
SWZ,Eswatini,1,0.8333 (NAM),0.8667 (NAM),0.8412 (NAM),0.7807 (NAM),0.7903 (LSO),0.8300 (LSO),0.8127 (LSO),0.7959 (LSO),0.8483 (LSO),0.7300 (LSO),0.8563 (LSO),0.8465 (NAM),0.8293 (NAM),0.8621 (NAM),0.8605 (NAM)
SWZ,Eswatini,2,0.7694 (LSO),0.7874 (LSO),0.7515 (LSO),0.7721 (LSO),0.7830 (NAM),0.8026 (NAM),0.7508 (NAM),0.7377 (NAM),0.8349 (NAM),0.6571 (BWA),0.7887 (NAM),0.8340 (LSO),0.8114 (LSO),0.8089 (LSO),0.8148 (LSO)
SWZ,Eswatini,3,0.6008 (CAF),0.6618 (BWA),0.6539 (ZWE),0.6658 (ZWE),0.6878 (CAF),0.6422 (ZWE),0.7407 (BWA),0.6109 (CAF),0.6536 (BWA),0.6250 (NAM),0.6479 (BWA),0.6102 (BWA),0.6856 (COG),0.7010 (BWA),0.7093 (COG)
SYR,Syria,1,0.6944 (UGA),0.7408 (UGA),0.4983 (UGA),0.6702 (CAF),0.6210 (UKR),0.6644 (UKR),0.6194 (ARG),0.5981 (HTI),0.7144 (HTI),0.7196 (AGO),0.7619 (NPL),0.7487 (HTI),0.7710 (HTI),0.7249 (HTI),0.7164 (HTI)
SYR,Syria,2,0.6794 (MRT),0.6835 (MRT),0.4941 (HTI),0.4682 (IRN),0.5701 (ARG),0.5110 (ARG),0.5989 (NPL),0.5970 (NPL),0.6908 (AGO),0.7000 (MRT),0.7305 (HTI),0.7353 (NPL),0.6912 (SLE),0.6835 (GHA),0.6776 (ETH)
SYR,Syria,3,0.6510 (TZA),0.6460 (TZA),0.4585 (EGY),0.4000 (LBY),0.5003 (CAF),0.4830 (NPL),0.5476 (HTI),0.5407 (UZB),0.6881 (SLE),0.6619 (HTI),0.7177 (ETH),0.7024 (ZWE),0.6845 (GHA),0.6609 (ETH),0.6553 (SLE)
TCD,Chad,1,0.9326 (NER),0.9448 (BFA),0.9491 (NER),0.9048 (BFA),0.9332 (MLI),0.9196 (MLI),0.8914 (NER),0.9512 (MLI),0.9694 (MLI),0.9586 (NER),0.9787 (MLI),0.9689 (MLI),0.9693 (MLI),0.9653 (MLI),0.9616 (MLI)
TCD,Chad,2,0.9177 (BFA),0.9423 (MLI),0.9394 (BFA),0.8695 (MLI),0.9130 (BFA),0.9102 (CMR),0.8810 (BEN),0.9429 (NER),0.9456 (TZA),0.9348 (MLI),0.9604 (NER),0.9595 (NER),0.9219 (TZA),0.9483 (NER),0.9378 (TZA)
TCD,Chad,3,0.8939 (MLI),0.9400 (NER),0.9383 (MLI),0.8688 (NER),0.9123 (NER),0.9073 (NER),0.8684 (MLI),0.9193 (CMR),0.9424 (NER),0.9171 (BEN),0.9432 (BEN),0.9329 (SLE),0.9202 (UGA),0.9359 (TZA),0.9284 (NER)
TGO,Togo,1,0.9519 (BEN),0.9533 (BEN),0.9339 (BEN),0.9634 (BEN),0.9585 (BEN),0.9421 (MLI),0.9620 (CAF),0.9248 (BEN),0.9435 (BEN),0.9671 (BEN),0.9733 (BEN),0.9606 (BEN),0.9521 (BEN),0.9607 (BEN),0.9612 (BEN)
TGO,Togo,2,0.9439 (SEN),0.9358 (MOZ),0.9279 (SEN),0.9343 (MLI),0.9438 (MLI),0.9296 (MDG),0.9488 (BFA),0.8996 (CIV),0.9426 (CAF),0.9465 (GNB),0.9566 (NER),0.9540 (NER),0.9451 (NER),0.9430 (MDG),0.9443 (NER)
TGO,Togo,3,0.9351 (MLI),0.9263 (SEN),0.9196 (CMR),0.9131 (CMR),0.9318 (BFA),0.9256 (BFA),0.9344 (MDG),0.8865 (BFA),0.9333 (BFA),0.9379 (MDG),0.9477 (CIV),0.9511 (SLE),0.9281 (MDG),0.9430 (GNB),0.9421 (MDG)
THA,Thailand,1,0.6408 (MYS),0.6774 (VNM),0.7306 (VNM),0.7765 (VNM),0.7056 (VNM),0.7132 (VNM),0.7145 (VNM),0.7037 (VNM),0.6161 (KHM),0.6190 (VNM),0.6424 (MYS),0.6500 (MYS),0.6257 (POL),0.6573 (POL),0.6769 (MYS)
THA,Thailand,2,0.6400 (VNM),0.6228 (MYS),0.6351 (MYS),0.6345 (MYS),0.6081 (MYS),0.6345 (MYS),0.6152 (MYS),0.6014 (MYS),0.5092 (VNM),0.6059 (MYS),0.6069 (VNM),0.6419 (VNM),0.6257 (KOR),0.6511 (MYS),0.6761 (POL)
THA,Thailand,3,0.6191 (CHN),0.4496 (CHN),0.5741 (ECU),0.5872 (ECU),0.5874 (ECU),0.5095 (CHN),0.5363 (CHN),0.5342 (CHN),0.4065 (MYS),0.5423 (CZE),0.5685 (CHN),0.5981 (KOR),0.6253 (VNM),0.6352 (VNM),0.6454 (VNM)
TJK,Tajikistan,1,0.6794 (COD),0.7686 (KGZ),0.7296 (KGZ),0.7365 (KGZ),0.6852 (KGZ),0.7092 (TZA),0.7195 (KGZ),0.7466 (KGZ),0.6696 (UGA),0.7136 (KGZ),0.7579 (UZB),0.6977 (UZB),0.6513 (UZB),0.6822 (UZB),0.6893 (UZB)
TJK,Tajikistan,2,0.6256 (GHA),0.6435 (UZB),0.6522 (ETH),0.6492 (TZA),0.6699 (RWA),0.7021 (UGA),0.6475 (TZA),0.6501 (TZA),0.6593 (TZA),0.6850 (UZB),0.7252 (UGA),0.6903 (ZWE),0.6290 (TZA),0.6120 (TZA),0.6210 (KGZ)
TJK,Tajikistan,3,0.6135 (TZA),0.6419 (NIC),0.6442 (UZB),0.6433 (RWA),0.6649 (TZA),0.6900 (UZB),0.6442 (UZB),0.6477 (UGA),0.6566 (KGZ),0.6848 (TZA),0.7113 (TZA),0.6495 (UGA),0.6196 (UGA),0.6017 (KGZ),0.6091 (ETH)
TLS,Timor-Leste,1,0.7820 (SLB),0.6747 (STP),0.6848 (SLB),0.7530 (MWI),0.7236 (MOZ),0.7184 (MWI),0.6682 (LSO),0.6955 (LSO),0.6996 (GNB),0.5351 (SWZ),0.4537 (GIN),0.6102 (GIN),0.5344 (TON),0.5764 (GNQ),0.5964 (SLB)
TLS,Timor-Leste,2,0.6439 (LSO),0.6675 (SLB),0.6706 (LSO),0.7405 (LSO),0.7046 (SLB),0.7113 (SLB),0.6667 (SLB),0.6348 (BLZ),0.6858 (BLZ),0.5143 (BTN),0.4482 (GNQ),0.5796 (TJK),0.4799 (BFA),0.4548 (IRQ),0.4553 (GNB)
TLS,Timor-Leste,3,0.6383 (STP),0.6613 (LSO),0.6551 (STP),0.7187 (SLB),0.6570 (ZWE),0.6891 (MOZ),0.6386 (MWI),0.6273 (MWI),0.5952 (MWI),0.5009 (BFA),0.4263 (BFA),0.5575 (BTN),0.4441 (MWI),0.4530 (SLB),0.4215 (PSE)
TON,Tonga,1,0.7493 (FJI),0.6450 (FJI),0.7592 (FJI),0.6985 (FJI),0.6790 (BLZ),0.7478 (FJI),0.8053 (FJI),0.7650 (FJI),0.6649 (FJI),0.7256 (FJI),0.6258 (MDA),0.5025 (SLB),0.6779 (MDA),0.6867 (MDA),0.7033 (MDA)
TON,Tonga,2,0.6076 (KGZ),0.6253 (MDA),0.6906 (MDA),0.6603 (BLZ),0.6256 (MDA),0.7111 (MDA),0.7567 (MDA),0.6998 (MDA),0.5495 (BLZ),0.6173 (MDA),0.4901 (BLZ),0.5020 (FJI),0.5344 (TLS),0.6005 (FJI),0.6469 (FJI)
TON,Tonga,3,0.5764 (BLZ),0.5517 (BLZ),0.6079 (BLZ),0.5486 (MDA),0.6143 (FJI),0.6073 (BLZ),0.5080 (MUS),0.5113 (KGZ),0.5478 (MDA),0.5833 (BLZ),0.4629 (ALB),0.4703 (MUS),0.4716 (BTN),0.5610 (BTN),0.5959 (BLZ)
TUN,Tunisia,1,0.5489 (MKD),0.6308 (MKD),0.6465 (MKD),0.6506 (MKD),0.6286 (MKD),0.5614 (GRC),0.5653 (GRC),0.6559 (PSE),0.5663 (MKD),0.6019 (PSE),0.6794 (MAR),0.6230 (CRI),0.7592 (MAR),0.6212 (MAR),0.6539 (MAR)
TUN,Tunisia,2,0.5444 (SRB),0.5724 (GRC),0.6212 (SRB),0.6215 (SRB),0.5976 (BIH),0.5392 (MKD),0.5650 (MAR),0.5936 (MKD),0.5469 (TUR),0.5979 (TUR),0.6352 (PSE),0.6022 (MAR),0.5842 (CRI),0.5670 (MKD),0.5970 (UKR)
TUN,Tunisia,3,0.5061 (BIH),0.5632 (BIH),0.5819 (BIH),0.5447 (BIH),0.5400 (SRB),0.5127 (SRB),0.5370 (MKD),0.5614 (GRC),0.5355 (UKR),0.5903 (MAR),0.6184 (CPV),0.5649 (PSE),0.5756 (PSE),0.5501 (GRC),0.5939 (MKD)
TUR,Turkey,1,0.7124 (BRA),0.7590 (CHN),0.6477 (BRA),0.6021 (CHN),0.5828 (IRN),0.6376 (CHN),0.7675 (COL),0.7723 (IRN),0.7728 (ARG),0.8193 (IRN),0.8102 (IRN),0.8229 (ARG),0.8468 (IRN),0.8020 (IRN),0.8384 (ARG)
TUR,Turkey,2,0.6579 (ARG),0.6619 (COL),0.6317 (CHN),0.4531 (BRA),0.5130 (CHN),0.5053 (ARG),0.7648 (IRN),0.7112 (ARG),0.7309 (IRN),0.8049 (ARG),0.7536 (CHL),0.7664 (CHL),0.8168 (ARG),0.7038 (ARG),0.8246 (IRN)
TUR,Turkey,3,0.6458 (CHN),0.6272 (BRA),0.6314 (IRN),0.4108 (COL),0.4714 (DZA),0.4823 (CHL),0.7128 (CHL),0.6227 (CHN),0.6676 (RUS),0.7594 (COL),0.7123 (BRA),0.7434 (IRN),0.6645 (COL),0.6838 (BRA),0.7443 (CHL)
TZA,Tanzania,1,0.9343 (MLI),0.9225 (BFA),0.9303 (MLI),0.9275 (UGA),0.9444 (UGA),0.9824 (UGA),0.9730 (UGA),0.9629 (UGA),0.9747 (UGA),0.9712 (UGA),0.9594 (UGA),0.9625 (UGA),0.9611 (UGA),0.9558 (UGA),0.9530 (UGA)
TZA,Tanzania,2,0.9338 (UGA),0.9102 (UGA),0.9261 (BFA),0.9155 (ETH),0.9373 (MLI),0.9377 (ETH),0.9532 (ETH),0.9275 (MLI),0.9456 (TCD),0.9488 (ETH),0.9530 (ETH),0.9287 (TCD),0.9219 (TCD),0.9359 (TCD),0.9378 (TCD)
TZA,Tanzania,3,0.9253 (BFA),0.9094 (KEN),0.9231 (UGA),0.9091 (CMR),0.9332 (ETH),0.9344 (MLI),0.9162 (MLI),0.9237 (NER),0.9372 (ETH),0.9086 (MLI),0.9267 (TCD),0.9192 (ETH),0.9047 (CMR),0.9261 (NER),0.9376 (NER)
UGA,Uganda,1,0.9338 (TZA),0.9102 (TZA),0.9231 (TZA),0.9275 (TZA),0.9444 (TZA),0.9824 (TZA),0.9730 (TZA),0.9629 (TZA),0.9747 (TZA),0.9712 (TZA),0.9594 (TZA),0.9625 (TZA),0.9611 (TZA),0.9558 (TZA),0.9530 (TZA)
UGA,Uganda,2,0.8754 (MLI),0.8899 (MLI),0.8746 (MLI),0.8623 (MLI),0.8753 (MLI),0.9158 (MLI),0.9064 (CMR),0.9055 (TCD),0.9396 (ETH),0.9420 (ETH),0.9437 (ETH),0.9312 (TCD),0.9213 (CMR),0.9433 (ETH),0.9458 (MDG)
UGA,Uganda,3,0.8475 (BFA),0.8738 (BFA),0.8524 (COD),0.8560 (ETH),0.8586 (CMR),0.9153 (CMR),0.8963 (ETH),0.8978 (MLI),0.9227 (TCD),0.9246 (MLI),0.9243 (TCD),0.9207 (MLI),0.9202 (TCD),0.9248 (MDG),0.9340 (NER)
UKR,Ukraine,1,0.8032 (RUS),0.7444 (RUS),0.7665 (POL),0.8080 (POL),0.6847 (SRB),0.8037 (BLR),0.6883 (SRB),0.7514 (BLR),0.7849 (BLR),0.8365 (SRB),0.8395 (SRB),0.7184 (RUS),0.6959 (BLR),0.7483 (SRB),0.6743 (GRC)
UKR,Ukraine,2,0.7324 (SRB),0.7179 (SRB),0.7487 (HUN),0.7496 (HUN),0.6651 (RUS),0.6644 (SYR),0.6644 (BGR),0.7141 (SRB),0.7282 (ROU),0.8009 (ROU),0.7653 (ROU),0.7147 (BLR),0.6938 (MDA),0.7458 (MDA),0.6488 (ROU)
UKR,Ukraine,3,0.7240 (BLR),0.7143 (POL),0.7366 (SRB),0.7347 (RUS),0.6611 (ARG),0.5967 (ARG),0.6456 (ROU),0.6773 (BGR),0.6984 (RUS),0.7680 (BGR),0.7632 (POL),0.6934 (SRB),0.6417 (SRB),0.7187 (ALB),0.6455 (FRA)
URY,Uruguay,1,0.7319 (CHL),0.6800 (ARG),0.7344 (CRI),0.7247 (CHL),0.7732 (CHL),0.7812 (CHL),0.7840 (CRI),0.8427 (CRI),0.7907 (CRI),0.8431 (CRI),0.8297 (CRI),0.7498 (CRI),0.8414 (CRI),0.8226 (GRC),0.8230 (GRC)
URY,Uruguay,2,0.6753 (ARG),0.6760 (CHL),0.6909 (ARG),0.7246 (CRI),0.7584 (CRI),0.6832 (CRI),0.6982 (LBN),0.7316 (LBN),0.7365 (LBN),0.7377 (LBN),0.8083 (GRC),0.7267 (NZL),0.8021 (GRC),0.8032 (CRI),0.8134 (CRI)
URY,Uruguay,3,0.6402 (LBN),0.6275 (NZL),0.6003 (ISL),0.7080 (ARG),0.6188 (ARG),0.6832 (ARG),0.6961 (CHL),0.6912 (GRC),0.6627 (ARG),0.7338 (GRC),0.7341 (ESP),0.6915 (GRC),0.7996 (NZL),0.7697 (CHL),0.7304 (CHL)
USA,United States,1,0.9102 (GBR),0.9023 (GBR),0.9039 (GBR),0.9091 (JPN),0.9014 (JPN),0.8897 (GBR),0.8891 (GBR),0.8861 (GBR),0.8757 (GBR),0.8753 (JPN),0.8318 (JPN),0.8285 (GBR),0.8415 (GBR),0.8430 (JPN),0.8476 (GBR)
USA,United States,2,0.8919 (AUS),0.8824 (ITA),0.8922 (JPN),0.8892 (GBR),0.8905 (GBR),0.8836 (JPN),0.8820 (JPN),0.8764 (JPN),0.8633 (JPN),0.8718 (GBR),0.8139 (CAN),0.8208 (AUS),0.8216 (JPN),0.8275 (GBR),0.8231 (JPN)
USA,United States,3,0.8851 (FRA),0.8740 (AUS),0.8819 (AUS),0.8768 (AUS),0.8827 (AUS),0.8718 (AUS),0.8691 (AUS),0.8446 (AUS),0.8472 (AUS),0.8245 (AUS),0.8106 (AUS),0.8176 (JPN),0.8157 (AUS),0.8012 (RUS),0.7975 (AUS)
UZB,Uzbekistan,1,0.6497 (VNM),0.6435 (TJK),0.6442 (TJK),0.6170 (IDN),0.6561 (TJK),0.6900 (TJK),0.6761 (EGY),0.6025 (TJK),0.7569 (EGY),0.6850 (TJK),0.7579 (TJK),0.6977 (TJK),0.6513 (TJK),0.6822 (TJK),0.6893 (TJK)
UZB,Uzbekistan,2,0.6368 (MNG),0.5691 (EGY),0.6357 (EGY),0.5801 (PAK),0.6317 (IRN),0.6573 (IDN),0.6630 (IDN),0.5742 (EGY),0.5718 (TJK),0.6664 (KGZ),0.6533 (EGY),0.5836 (KGZ),0.5535 (EGY),0.6078 (KGZ),0.6202 (EGY)
UZB,Uzbekistan,3,0.6063 (MDA),0.5678 (IDN),0.5847 (PAK),0.5739 (TJK),0.6230 (IDN),0.6393 (EGY),0.6442 (TJK),0.5407 (SYR),0.5593 (AZE),0.6441 (EGY),0.6085 (PRY),0.5631 (IDN),0.5388 (KGZ),0.5538 (EGY),0.5755 (KGZ)
VNM,Vietnam,1,0.6497 (UZB),0.6774 (THA),0.7306 (THA),0.7765 (THA),0.7056 (THA),0.7132 (THA),0.7145 (THA),0.7037 (THA),0.7170 (KHM),0.7545 (KHM),0.7158 (KHM),0.7279 (KHM),0.7470 (KHM),0.7913 (KHM),0.8072 (KHM)
VNM,Vietnam,2,0.6428 (IDN),0.6218 (KHM),0.6619 (KHM),0.6707 (KHM),0.6659 (KHM),0.6441 (KHM),0.6769 (KHM),0.6755 (KHM),0.6092 (PHL),0.6190 (THA),0.6069 (THA),0.6419 (THA),0.6253 (THA),0.6352 (THA),0.6454 (THA)
VNM,Vietnam,3,0.6400 (THA),0.5998 (BOL),0.6290 (IDN),0.6488 (IDN),0.6556 (IDN),0.6042 (IDN),0.6223 (PHL),0.5746 (MYS),0.5506 (IDN),0.5713 (AZE),0.5647 (UZB),0.5557 (MYS),0.5941 (MYS),0.6351 (IDN),0.6322 (IDN)
ZAF,South Africa,1,0.4435 (USA),0.4728 (USA),0.4958 (BWA),0.4316 (USA),0.4689 (BWA),0.5308 (BWA),0.5897 (LBY),0.5150 (BRA),0.5496 (BWA),0.6088 (BWA),0.6217 (BWA),0.6081 (BWA),0.6322 (BWA),0.6923 (BWA),0.6989 (BWA)
ZAF,South Africa,2,0.4298 (BWA),0.4449 (BWA),0.4583 (USA),0.4309 (BWA),0.4076 (USA),0.5060 (LBY),0.4992 (BRA),0.3939 (GRC),0.5164 (NAM),0.5367 (LBY),0.4800 (LBY),0.4786 (NAM),0.4895 (SWZ),0.5387 (PSE),0.4747 (SWZ)
ZAF,South Africa,3,0.3993 (RUS),0.3706 (RUS),0.3799 (RUS),0.3985 (RUS),0.3934 (RUS),0.4214 (RUS),0.4470 (BWA),0.3914 (NAM),0.4859 (BRA),0.4879 (NAM),0.4704 (COL),0.4452 (SWZ),0.4598 (NAM),0.4829 (SWZ),0.4607 (IRQ)
ZMB,Zambia,1,0.8631 (COD),0.9048 (COD),0.9288 (COD),0.8766 (CMR),0.9296 (COD),0.8754 (COD),0.9048 (COD),0.9381 (COD),0.8965 (COD),0.9203 (COD),0.9157 (COD),0.9278 (COD),0.9065 (COD),0.9040 (COD),0.9094 (COD)
ZMB,Zambia,2,0.8268 (GIN),0.8731 (TZA),0.8921 (GIN),0.8602 (TZA),0.8829 (GIN),0.8466 (GIN),0.8344 (MOZ),0.8234 (UGA),0.8562 (ZWE),0.8297 (MOZ),0.8317 (BFA),0.7915 (TCD),0.8552 (MDG),0.8316 (MDG),0.8497 (MDG)
ZMB,Zambia,3,0.8196 (GHA),0.8672 (GIN),0.8836 (BFA),0.8516 (GIN),0.8773 (CMR),0.8252 (BFA),0.8259 (MDG),0.8100 (MDG),0.8411 (MDG),0.8182 (MDG),0.8064 (AGO),0.7873 (AGO),0.8274 (BFA),0.8131 (MOZ),0.8270 (CAF)
ZWE,Zimbabwe,1,0.6454 (ETH),0.7972 (MOZ),0.7904 (MOZ),0.8598 (MWI),0.8097 (BFA),0.8219 (GIN),0.8200 (TGO),0.8347 (BOL),0.8562 (ZMB),0.7760 (HTI),0.6746 (SYR),0.8132 (ETH),0.7298 (ETH),0.5198 (SLE),0.7147 (AGO)
ZWE,Zimbabwe,2,0.6415 (TCD),0.7352 (GHA),0.7542 (ZMB),0.8335 (KEN),0.8005 (GIN),0.8072 (MDG),0.8062 (KEN),0.7668 (COD),0.8322 (UGA),0.6984 (AGO),0.6242 (HTI),0.8113 (COD),0.7157 (GHA),0.5197 (GHA),0.6918 (ZMB)
ZWE,Zimbabwe,3,0.6305 (KEN),0.7350 (TGO),0.7385 (NER),0.8098 (ZMB),0.7982 (TGO),0.8057 (BFA),0.8033 (MWI),0.6826 (ZMB),0.8236 (CMR),0.6010 (GHA),0.5819 (GHA),0.7922 (AGO),0.7103 (SLE),0.5151 (HTI),0.6645 (MWI)
