iso3,feature,available_from,available_to,missing_years,status
DJI,gdp_per_capita_ppp,2013,2024,"2010;2011;2012",partial
CUB,gdp_per_capita_ppp,,,,"unavailable"
PRK,gdp_per_capita_ppp,,,,"unavailable"
LIE,gdp_per_capita_ppp,,,,"unavailable"
MCO,gdp_per_capita_ppp,,,,"unavailable"
ERI,gdp_per_capita_ppp,,,,"unavailable"
VEN,gdp_per_capita_ppp,,,,"unavailable"
YEM,gdp_per_capita_ppp,,,,"unavailable"
DJI,gdp_growth_annual_pct,2014,2024,"2010;2011;2012;2013",partial
ERI,gdp_growth_annual_pct,2010,2011,"2012;2013;2014;2015;2016;2017;2018;2019;2020;2021;2022;2023;2024",partial
LIE,gdp_growth_annual_pct,,,,"unavailable"
PRK,gdp_growth_annual_pct,,,,"unavailable"
SMR,gdp_growth_annual_pct,2010,2023,"2024",partial
SSD,gdp_growth_annual_pct,2010,2015,"2016;2017;2018;2019;2020;2021;2022;2023;2024",partial
SYR,gdp_growth_annual_pct,2010,2022,"2023;2024",partial
YEM,gdp_growth_annual_pct,2010,2018,"2019;2020;2021;2022;2023;2024",partial
AFG,general_government_final_consumption_expenditure_pct_gdp,2020,2024,"2010;2011;2012;2013;2014;2015;2016;2017;2018;2019",partial
AND,general_government_final_consumption_expenditure_pct_gdp,,,,unavailable
ARE,general_government_final_consumption_expenditure_pct_gdp,2010,2023,"2024",partial
ATG,general_government_final_consumption_expenditure_pct_gdp,,,,unavailable
BRB,general_government_final_consumption_expenditure_pct_gdp,,,,unavailable
CIV,general_government_final_consumption_expenditure_pct_gdp,2015,2024,"2010;2011;2012;2013;2014",partial
DJI,general_government_final_consumption_expenditure_pct_gdp,2013,2024,"2010;2011;2012",partial
ERI,general_government_final_consumption_expenditure_pct_gdp,2010,2011,"2012;2013;2014;2015;2016;2017;2018;2019;2020;2021;2022;2023;2024",partial
ETH,general_government_final_consumption_expenditure_pct_gdp,2011,2024,"2010",partial
FSM,general_government_final_consumption_expenditure_pct_gdp,,,,unavailable
GRD,general_government_final_consumption_expenditure_pct_gdp,,,,unavailable
GUY,general_government_final_consumption_expenditure_pct_gdp,,,,unavailable
JAM,general_government_final_consumption_expenditure_pct_gdp,,,,unavailable
JOR,general_government_final_consumption_expenditure_pct_gdp,,,,unavailable
KNA,general_government_final_consumption_expenditure_pct_gdp,,,,unavailable
LAO,general_government_final_consumption_expenditure_pct_gdp,2010,2016,"2017;2018;2019;2020;2021;2022;2023;2024",partial
LBR,general_government_final_consumption_expenditure_pct_gdp,,,,unavailable
LCA,general_government_final_consumption_expenditure_pct_gdp,,,,unavailable
LIE,general_government_final_consumption_expenditure_pct_gdp,,,,unavailable
LKA,general_government_final_consumption_expenditure_pct_gdp,2015,2024,"2010;2011;2012;2013;2014",partial
MCO,general_government_final_consumption_expenditure_pct_gdp,,,,unavailable
MDV,general_government_final_consumption_expenditure_pct_gdp,2014,2024,"2010;2011;2012;2013",partial
MMR,general_government_final_consumption_expenditure_pct_gdp,,,,unavailable
MWI,general_government_final_consumption_expenditure_pct_gdp,2017,2024,"2010;2011;2012;2013;2014;2015;2016",partial
NGA,general_government_final_consumption_expenditure_pct_gdp,,,,unavailable
NRU,general_government_final_consumption_expenditure_pct_gdp,,,,unavailable
PNG,general_government_final_consumption_expenditure_pct_gdp,,,,unavailable
PRK,general_government_final_consumption_expenditure_pct_gdp,,,,unavailable
QAT,general_government_final_consumption_expenditure_pct_gdp,2010,2022,"2023;2024",partial
SMR,general_government_final_consumption_expenditure_pct_gdp,2015,2023,"2010;2011;2012;2013;2014;2024",partial
SOM,general_government_final_consumption_expenditure_pct_gdp,2012,2024,"2010;2011",partial
SSD,general_government_final_consumption_expenditure_pct_gdp,,,,unavailable
SUR,general_government_final_consumption_expenditure_pct_gdp,2010,2010,"2011;2012;2013;2014;2015;2016;2017;2018;2019;2020;2021;2022;2023;2024",partial
SWZ,general_government_final_consumption_expenditure_pct_gdp,2013,2024,"2010;2011;2012",partial
SYR,general_government_final_consumption_expenditure_pct_gdp,2010,2022,"2023;2024",partial
TGO,general_government_final_consumption_expenditure_pct_gdp,2010,2023,"2024",partial
TTO,general_government_final_consumption_expenditure_pct_gdp,,,,unavailable
TUV,general_government_final_consumption_expenditure_pct_gdp,,,,unavailable
VCT,general_government_final_consumption_expenditure_pct_gdp,,,,unavailable
VEN,general_government_final_consumption_expenditure_pct_gdp,2010,2011,"2012;2013;2014;2015;2016;2017;2018;2019;2020;2021;2022;2023;2024",partial
YEM,general_government_final_consumption_expenditure_pct_gdp,2010,2018,"2019;2020;2021;2022;2023;2024",partial
DJI,inflation_gdp_deflator_annual_pct,2014,2024,"2010;2011;2012;2013",partial
ERI,inflation_gdp_deflator_annual_pct,2010,2011,"2012;2013;2014;2015;2016;2017;2018;2019;2020;2021;2022;2023;2024",partial
LIE,inflation_gdp_deflator_annual_pct,,,,unavailable
PRK,inflation_gdp_deflator_annual_pct,,,,unavailable
SMR,inflation_gdp_deflator_annual_pct,2010,2023,"2024",partial
SSD,inflation_gdp_deflator_annual_pct,2010,2015,"2016;2017;2018;2019;2020;2021;2022;2023;2024",partial
SYR,inflation_gdp_deflator_annual_pct,2010,2022,"2023;2024",partial
YEM,inflation_gdp_deflator_annual_pct,2010,2018,"2019;2020;2021;2022;2023;2024",partial
AND,unemployment_rate_pct,,,,unavailable
ATG,unemployment_rate_pct,,,,unavailable
FSM,unemployment_rate_pct,,,,unavailable
GRD,unemployment_rate_pct,,,,unavailable
KIR,unemployment_rate_pct,,,,unavailable
KNA,unemployment_rate_pct,,,,unavailable
LBN,unemployment_rate_pct,2010,2023,"2024",partial
LIE,unemployment_rate_pct,,,,unavailable
MCO,unemployment_rate_pct,,,,unavailable
MHL,unemployment_rate_pct,,,,unavailable
NRU,unemployment_rate_pct,,,,unavailable
PLW,unemployment_rate_pct,,,,unavailable
SDN,unemployment_rate_pct,2010,2022,"2023;2024",partial
SMR,unemployment_rate_pct,,,,unavailable
SSD,unemployment_rate_pct,2010,2023,"2024",partial
SYC,unemployment_rate_pct,,,,unavailable
TUV,unemployment_rate_pct,,,,unavailable
UKR,unemployment_rate_pct,2010,2021,"2022;2023;2024",partial
SYC,population_growth_annual_pct,2010,2024,"2022",partial
SYC,urban_population_growth_annual_pct,2010,2024,"2022",partial
LIE,under_5_mortality_rate_per_1000,,,,unavailable
ARG,access_to_basic_drinking_water_pct,2010,2016,"2017;2018;2019;2020;2021;2022;2023;2024",partial
BHS,access_to_basic_drinking_water_pct,2010,2019,"2020;2021;2022;2023;2024",partial
COG,access_to_basic_drinking_water_pct,2010,2021,"2022;2023;2024",partial
ERI,access_to_basic_drinking_water_pct,2010,2016,"2017;2018;2019;2020;2021;2022;2023;2024",partial
FSM,access_to_basic_drinking_water_pct,2010,2020,"2021;2022;2023;2024",partial
GNQ,access_to_basic_drinking_water_pct,2010,2017,"2018;2019;2020;2021;2022;2023;2024",partial
GRD,access_to_basic_drinking_water_pct,2010,2017,"2018;2019;2020;2021;2022;2023;2024",partial
KNA,access_to_basic_drinking_water_pct,2010,2017,"2018;2019;2020;2021;2022;2023;2024",partial
NIC,access_to_basic_drinking_water_pct,,,,unavailable
PRK,access_to_basic_drinking_water_pct,2010,2023,"2024",partial
SSD,access_to_basic_drinking_water_pct,2011,2024,"2010",partial
VCT,access_to_basic_drinking_water_pct,2010,2018,"2019;2020;2021;2022;2023;2024",partial
MCO,co2_emissions_per_capita,,,,unavailable
SMR,co2_emissions_per_capita,,,,unavailable
AFG,mean_years_of_schooling_adults,2010,2023,"2024",partial
AGO,mean_years_of_schooling_adults,2010,2023,"2024",partial
ALB,mean_years_of_schooling_adults,2010,2023,"2024",partial
AND,mean_years_of_schooling_adults,2010,2023,"2024",partial
ARE,mean_years_of_schooling_adults,2010,2023,"2024",partial
ARG,mean_years_of_schooling_adults,2010,2023,"2024",partial
ARM,mean_years_of_schooling_adults,2010,2023,"2024",partial
ATG,mean_years_of_schooling_adults,2010,2023,"2024",partial
AUS,mean_years_of_schooling_adults,2010,2023,"2024",partial
AUT,mean_years_of_schooling_adults,2010,2023,"2024",partial
AZE,mean_years_of_schooling_adults,2010,2023,"2024",partial
BDI,mean_years_of_schooling_adults,2010,2023,"2024",partial
BEL,mean_years_of_schooling_adults,2010,2023,"2024",partial
BEN,mean_years_of_schooling_adults,2010,2023,"2024",partial
BFA,mean_years_of_schooling_adults,2010,2023,"2024",partial
BGD,mean_years_of_schooling_adults,2010,2023,"2024",partial
BGR,mean_years_of_schooling_adults,2010,2023,"2024",partial
BHR,mean_years_of_schooling_adults,2010,2023,"2024",partial
BHS,mean_years_of_schooling_adults,2010,2023,"2024",partial
BIH,mean_years_of_schooling_adults,2010,2023,"2024",partial
BLR,mean_years_of_schooling_adults,2010,2023,"2024",partial
BLZ,mean_years_of_schooling_adults,2010,2023,"2024",partial
BOL,mean_years_of_schooling_adults,2010,2023,"2024",partial
BRA,mean_years_of_schooling_adults,2010,2023,"2024",partial
BRB,mean_years_of_schooling_adults,2010,2023,"2024",partial
BRN,mean_years_of_schooling_adults,2010,2023,"2024",partial
BTN,mean_years_of_schooling_adults,2010,2023,"2024",partial
BWA,mean_years_of_schooling_adults,2010,2023,"2024",partial
CAF,mean_years_of_schooling_adults,2010,2023,"2024",partial
CAN,mean_years_of_schooling_adults,2010,2023,"2024",partial
CHE,mean_years_of_schooling_adults,2010,2023,"2024",partial
CHL,mean_years_of_schooling_adults,2010,2023,"2024",partial
CHN,mean_years_of_schooling_adults,2010,2023,"2024",partial
CIV,mean_years_of_schooling_adults,2010,2023,"2024",partial
CMR,mean_years_of_schooling_adults,2010,2023,"2024",partial
COD,mean_years_of_schooling_adults,2010,2023,"2024",partial
COG,mean_years_of_schooling_adults,2010,2023,"2024",partial
COL,mean_years_of_schooling_adults,2010,2023,"2024",partial
COM,mean_years_of_schooling_adults,2010,2023,"2024",partial
CPV,mean_years_of_schooling_adults,2010,2023,"2024",partial
CRI,mean_years_of_schooling_adults,2010,2023,"2024",partial
CUB,mean_years_of_schooling_adults,2010,2023,"2024",partial
CYP,mean_years_of_schooling_adults,2010,2023,"2024",partial
CZE,mean_years_of_schooling_adults,2010,2023,"2024",partial
DEU,mean_years_of_schooling_adults,2010,2023,"2024",partial
DJI,mean_years_of_schooling_adults,2010,2023,"2024",partial
DNK,mean_years_of_schooling_adults,2010,2023,"2024",partial
DOM,mean_years_of_schooling_adults,2010,2023,"2024",partial
DZA,mean_years_of_schooling_adults,2010,2023,"2024",partial
ECU,mean_years_of_schooling_adults,2010,2023,"2024",partial
EGY,mean_years_of_schooling_adults,2010,2023,"2024",partial
ERI,mean_years_of_schooling_adults,2010,2023,"2024",partial
ESP,mean_years_of_schooling_adults,2010,2023,"2024",partial
EST,mean_years_of_schooling_adults,2010,2023,"2024",partial
ETH,mean_years_of_schooling_adults,2010,2023,"2024",partial
FIN,mean_years_of_schooling_adults,2010,2023,"2024",partial
FJI,mean_years_of_schooling_adults,2010,2023,"2024",partial
FRA,mean_years_of_schooling_adults,2010,2023,"2024",partial
FSM,mean_years_of_schooling_adults,2010,2023,"2024",partial
GAB,mean_years_of_schooling_adults,2010,2023,"2024",partial
GBR,mean_years_of_schooling_adults,2010,2023,"2024",partial
GEO,mean_years_of_schooling_adults,2010,2023,"2024",partial
GHA,mean_years_of_schooling_adults,2010,2023,"2024",partial
GIN,mean_years_of_schooling_adults,2010,2023,"2024",partial
GMB,mean_years_of_schooling_adults,2010,2023,"2024",partial
GNB,mean_years_of_schooling_adults,2010,2023,"2024",partial
GNQ,mean_years_of_schooling_adults,2010,2023,"2024",partial
GRC,mean_years_of_schooling_adults,2010,2023,"2024",partial
GRD,mean_years_of_schooling_adults,2010,2023,"2024",partial
GTM,mean_years_of_schooling_adults,2010,2023,"2024",partial
GUY,mean_years_of_schooling_adults,2010,2023,"2024",partial
HND,mean_years_of_schooling_adults,2010,2023,"2024",partial
HRV,mean_years_of_schooling_adults,2010,2023,"2024",partial
HTI,mean_years_of_schooling_adults,2010,2023,"2024",partial
HUN,mean_years_of_schooling_adults,2010,2023,"2024",partial
IDN,mean_years_of_schooling_adults,2010,2023,"2024",partial
IND,mean_years_of_schooling_adults,2010,2023,"2024",partial
IRL,mean_years_of_schooling_adults,2010,2023,"2024",partial
IRN,mean_years_of_schooling_adults,2010,2023,"2024",partial
IRQ,mean_years_of_schooling_adults,2010,2023,"2024",partial
ISL,mean_years_of_schooling_adults,2010,2023,"2024",partial
ISR,mean_years_of_schooling_adults,2010,2023,"2024",partial
ITA,mean_years_of_schooling_adults,2010,2023,"2024",partial
JAM,mean_years_of_schooling_adults,2010,2023,"2024",partial
JOR,mean_years_of_schooling_adults,2010,2023,"2024",partial
JPN,mean_years_of_schooling_adults,2010,2023,"2024",partial
KAZ,mean_years_of_schooling_adults,2010,2023,"2024",partial
KEN,mean_years_of_schooling_adults,2010,2023,"2024",partial
KGZ,mean_years_of_schooling_adults,2010,2023,"2024",partial
KHM,mean_years_of_schooling_adults,2010,2023,"2024",partial
KIR,mean_years_of_schooling_adults,2010,2023,"2024",partial
KNA,mean_years_of_schooling_adults,2010,2023,"2024",partial
KOR,mean_years_of_schooling_adults,2010,2023,"2024",partial
KWT,mean_years_of_schooling_adults,2010,2023,"2024",partial
LAO,mean_years_of_schooling_adults,2010,2023,"2024",partial
LBN,mean_years_of_schooling_adults,2010,2023,"2024",partial
LBR,mean_years_of_schooling_adults,2010,2023,"2024",partial
LBY,mean_years_of_schooling_adults,2010,2023,"2024",partial
LCA,mean_years_of_schooling_adults,2010,2023,"2024",partial
LIE,mean_years_of_schooling_adults,2010,2023,"2024",partial
LKA,mean_years_of_schooling_adults,2010,2023,"2024",partial
LSO,mean_years_of_schooling_adults,2010,2023,"2024",partial
LTU,mean_years_of_schooling_adults,2010,2023,"2024",partial
LUX,mean_years_of_schooling_adults,2010,2023,"2024",partial
LVA,mean_years_of_schooling_adults,2010,2023,"2024",partial
MAR,mean_years_of_schooling_adults,2010,2023,"2024",partial
MCO,mean_years_of_schooling_adults,,,,unavailable
MDA,mean_years_of_schooling_adults,2010,2023,"2024",partial
MDG,mean_years_of_schooling_adults,2010,2023,"2024",partial
MDV,mean_years_of_schooling_adults,2010,2023,"2024",partial
MEX,mean_years_of_schooling_adults,2010,2023,"2024",partial
MHL,mean_years_of_schooling_adults,2011,2023,"2010;2024",partial
MKD,mean_years_of_schooling_adults,2010,2023,"2024",partial
MLI,mean_years_of_schooling_adults,2010,2023,"2024",partial
MLT,mean_years_of_schooling_adults,2010,2023,"2024",partial
MMR,mean_years_of_schooling_adults,2010,2023,"2024",partial
MNE,mean_years_of_schooling_adults,2010,2023,"2024",partial
MNG,mean_years_of_schooling_adults,2010,2023,"2024",partial
MOZ,mean_years_of_schooling_adults,2010,2023,"2024",partial
MRT,mean_years_of_schooling_adults,2010,2023,"2024",partial
MUS,mean_years_of_schooling_adults,2010,2023,"2024",partial
MWI,mean_years_of_schooling_adults,2010,2023,"2024",partial
MYS,mean_years_of_schooling_adults,2010,2023,"2024",partial
NAM,mean_years_of_schooling_adults,2010,2023,"2024",partial
NER,mean_years_of_schooling_adults,2010,2023,"2024",partial
NGA,mean_years_of_schooling_adults,2010,2023,"2024",partial
NIC,mean_years_of_schooling_adults,2010,2023,"2024",partial
NLD,mean_years_of_schooling_adults,2010,2023,"2024",partial
NOR,mean_years_of_schooling_adults,2010,2023,"2024",partial
NPL,mean_years_of_schooling_adults,2010,2023,"2024",partial
NRU,mean_years_of_schooling_adults,2010,2023,"2024",partial
NZL,mean_years_of_schooling_adults,2010,2023,"2024",partial
OMN,mean_years_of_schooling_adults,2010,2023,"2024",partial
PAK,mean_years_of_schooling_adults,2010,2023,"2024",partial
PAN,mean_years_of_schooling_adults,2010,2023,"2024",partial
PER,mean_years_of_schooling_adults,2010,2023,"2024",partial
PHL,mean_years_of_schooling_adults,2010,2023,"2024",partial
PLW,mean_years_of_schooling_adults,2010,2023,"2024",partial
PNG,mean_years_of_schooling_adults,2010,2023,"2024",partial
POL,mean_years_of_schooling_adults,2010,2023,"2024",partial
PRK,mean_years_of_schooling_adults,,,,unavailable
PRT,mean_years_of_schooling_adults,2010,2023,"2024",partial
PRY,mean_years_of_schooling_adults,2010,2023,"2024",partial
PSE,mean_years_of_schooling_adults,2010,2023,"2024",partial
QAT,mean_years_of_schooling_adults,2010,2023,"2024",partial
ROU,mean_years_of_schooling_adults,2010,2023,"2024",partial
RUS,mean_years_of_schooling_adults,2010,2023,"2024",partial
RWA,mean_years_of_schooling_adults,2010,2023,"2024",partial
SAU,mean_years_of_schooling_adults,2010,2023,"2024",partial
SDN,mean_years_of_schooling_adults,2010,2023,"2024",partial
SEN,mean_years_of_schooling_adults,2010,2023,"2024",partial
SGP,mean_years_of_schooling_adults,2010,2023,"2024",partial
SLB,mean_years_of_schooling_adults,2010,2023,"2024",partial
SLE,mean_years_of_schooling_adults,2010,2023,"2024",partial
SLV,mean_years_of_schooling_adults,2010,2023,"2024",partial
SMR,mean_years_of_schooling_adults,2010,2023,"2024",partial
SOM,mean_years_of_schooling_adults,2022,2023,"2010;2011;2012;2013;2014;2015;2016;2017;2018;2019;2020;2021;2024",partial
SRB,mean_years_of_schooling_adults,2010,2023,"2024",partial
SSD,mean_years_of_schooling_adults,2010,2023,"2024",partial
STP,mean_years_of_schooling_adults,2010,2023,"2024",partial
SUR,mean_years_of_schooling_adults,2010,2023,"2024",partial
SVK,mean_years_of_schooling_adults,2010,2023,"2024",partial
SVN,mean_years_of_schooling_adults,2010,2023,"2024",partial
SWE,mean_years_of_schooling_adults,2010,2023,"2024",partial
SWZ,mean_years_of_schooling_adults,2010,2023,"2024",partial
SYC,mean_years_of_schooling_adults,2010,2023,"2024",partial
SYR,mean_years_of_schooling_adults,2010,2023,"2024",partial
TCD,mean_years_of_schooling_adults,2010,2023,"2024",partial
TGO,mean_years_of_schooling_adults,2010,2023,"2024",partial
THA,mean_years_of_schooling_adults,2010,2023,"2024",partial
TJK,mean_years_of_schooling_adults,2010,2023,"2024",partial
TKM,mean_years_of_schooling_adults,2010,2023,"2024",partial
TLS,mean_years_of_schooling_adults,2010,2023,"2024",partial
TON,mean_years_of_schooling_adults,2010,2023,"2024",partial
TTO,mean_years_of_schooling_adults,2010,2023,"2024",partial
TUN,mean_years_of_schooling_adults,2010,2023,"2024",partial
TUR,mean_years_of_schooling_adults,2010,2023,"2024",partial
TUV,mean_years_of_schooling_adults,2010,2023,"2024",partial
TZA,mean_years_of_schooling_adults,2010,2023,"2024",partial
UGA,mean_years_of_schooling_adults,2010,2023,"2024",partial
UKR,mean_years_of_schooling_adults,2010,2023,"2024",partial
URY,mean_years_of_schooling_adults,2010,2023,"2024",partial
USA,mean_years_of_schooling_adults,2010,2023,"2024",partial
UZB,mean_years_of_schooling_adults,2010,2023,"2024",partial
VCT,mean_years_of_schooling_adults,2010,2023,"2024",partial
VEN,mean_years_of_schooling_adults,2010,2023,"2024",partial
VNM,mean_years_of_schooling_adults,2010,2023,"2024",partial
VUT,mean_years_of_schooling_adults,2010,2023,"2024",partial
WSM,mean_years_of_schooling_adults,2010,2023,"2024",partial
YEM,mean_years_of_schooling_adults,2010,2023,"2024",partial
ZAF,mean_years_of_schooling_adults,2010,2023,"2024",partial
ZMB,mean_years_of_schooling_adults,2010,2023,"2024",partial
ZWE,mean_years_of_schooling_adults,2010,2023,"2024",partial
AFG,secondary_school_enrollment_pct,2010,2023,"2019;2020;2021;2022;2024",partial
AGO,secondary_school_enrollment_pct,2010,2023,"2012;2013;2014;2015;2017;2018;2019;2020;2022;2024",partial
ARE,secondary_school_enrollment_pct,2018,2024,"2010;2011;2012;2013;2014;2015;2016;2017",partial
ARG,secondary_school_enrollment_pct,2010,2023,"2024",partial
ARM,secondary_school_enrollment_pct,2010,2024,"2012;2016;2017",partial
ATG,secondary_school_enrollment_pct,2010,2023,"2013;2016;2019;2020;2021;2024",partial
AUS,secondary_school_enrollment_pct,2015,2024,"2010;2011;2012;2013;2014",partial
BDI,secondary_school_enrollment_pct,2010,2020,"2021;2022;2023;2024",partial
BEL,secondary_school_enrollment_pct,2010,2023,"2024",partial
BEN,secondary_school_enrollment_pct,2011,2022,"2010;2012;2017;2018;2019;2023;2024",partial
BGD,secondary_school_enrollment_pct,2010,2024,"2014",partial
BHR,secondary_school_enrollment_pct,2010,2024,"2020;2021",partial
BHS,secondary_school_enrollment_pct,2010,2024,"2020;2022",partial
BIH,secondary_school_enrollment_pct,2010,2023,"2024",partial
BRA,secondary_school_enrollment_pct,2012,2024,"2010;2011;2023",partial
BRB,secondary_school_enrollment_pct,2010,2024,"2012;2013",partial
BRN,secondary_school_enrollment_pct,2010,2023,"2021;2022;2024",partial
BWA,secondary_school_enrollment_pct,2021,2021,"2010;2011;2012;2013;2014;2015;2016;2017;2018;2019;2020;2022;2023;2024",partial
CAF,secondary_school_enrollment_pct,2011,2017,"2010;2013;2014;2015;2018;2019;2020;2021;2022;2023;2024",partial
CAN,secondary_school_enrollment_pct,2010,2023,"2024",partial
CHE,secondary_school_enrollment_pct,2010,2024,"2014",partial
CHN,secondary_school_enrollment_pct,2010,2012,"2013;2014;2015;2016;2017;2018;2019;2020;2021;2022;2023;2024",partial
CIV,secondary_school_enrollment_pct,2014,2024,"2010;2011;2012;2013",partial
CMR,secondary_school_enrollment_pct,2011,2023,"2010;2017;2018;2019;2020;2024",partial
COD,secondary_school_enrollment_pct,2010,2023,"2016;2017;2018;2019;2020;2022;2024",partial
COG,secondary_school_enrollment_pct,2012,2012,"2010;2011;2013;2014;2015;2016;2017;2018;2019;2020;2021;2022;2023;2024",partial
COL,secondary_school_enrollment_pct,2010,2022,"2023;2024",partial
COM,secondary_school_enrollment_pct,2013,2022,"2010;2011;2012;2015;2016;2019;2020;2021;2023;2024",partial
CPV,secondary_school_enrollment_pct,2010,2022,"2023;2024",partial
CZE,secondary_school_enrollment_pct,2010,2023,"2024",partial
DJI,secondary_school_enrollment_pct,,,,unavailable
DZA,secondary_school_enrollment_pct,2010,2024,"2012;2013;2014;2015;2016;2017;2018;2019;2020;2021",partial
ECU,secondary_school_enrollment_pct,2010,2023,"2024",partial
EGY,secondary_school_enrollment_pct,2010,2024,"2015;2022",partial
ERI,secondary_school_enrollment_pct,2010,2022,"2016;2019;2020;2021;2023;2024",partial
ETH,secondary_school_enrollment_pct,2010,2015,"2013;2014;2016;2017;2018;2019;2020;2021;2022;2023;2024",partial
FJI,secondary_school_enrollment_pct,2011,2024,"2010;2013;2017",partial
FSM,secondary_school_enrollment_pct,,,,unavailable
GAB,secondary_school_enrollment_pct,2019,2019,"2010;2011;2012;2013;2014;2015;2016;2017;2018;2020;2021;2022;2023;2024",partial
GBR,secondary_school_enrollment_pct,2010,2023,"2016;2024",partial
GEO,secondary_school_enrollment_pct,2013,2024,"2010;2011;2012",partial
GHA,secondary_school_enrollment_pct,2011,2024,"2010;2023",partial
GIN,secondary_school_enrollment_pct,2011,2014,"2010;2013;2015;2016;2017;2018;2019;2020;2021;2022;2023;2024",partial
GMB,secondary_school_enrollment_pct,2010,2021,"2011;2012;2013;2014;2015;2016;2017;2018;2019;2020;2022;2023;2024",partial
GNB,secondary_school_enrollment_pct,,,,unavailable
GNQ,secondary_school_enrollment_pct,,,,unavailable
GRC,secondary_school_enrollment_pct,2010,2023,"2024",partial
GRD,secondary_school_enrollment_pct,2010,2024,"2012;2019;2022;2023",partial
GUY,secondary_school_enrollment_pct,2010,2024,"2013;2014;2015;2016;2017;2018;2019;2022",partial
HND,secondary_school_enrollment_pct,2010,2024,"2018",partial
HRV,secondary_school_enrollment_pct,2010,2023,"2024",partial
HTI,secondary_school_enrollment_pct,,,,unavailable
IRL,secondary_school_enrollment_pct,2010,2022,"2013;2023;2024",partial
IRN,secondary_school_enrollment_pct,2010,2023,"2018;2019;2021;2024",partial
IRQ,secondary_school_enrollment_pct,,,,unavailable
ISL,secondary_school_enrollment_pct,2010,2023,"2024",partial
ITA,secondary_school_enrollment_pct,2010,2023,"2024",partial
JAM,secondary_school_enrollment_pct,2010,2024,"2012",partial
JOR,secondary_school_enrollment_pct,2010,2024,"2015;2016",partial
JPN,secondary_school_enrollment_pct,2013,2023,"2010;2011;2012;2024",partial
KEN,secondary_school_enrollment_pct,2015,2023,"2010;2011;2012;2013;2014;2017;2018;2019;2020;2024",partial
KGZ,secondary_school_enrollment_pct,2010,2024,"2022",partial
KHM,secondary_school_enrollment_pct,2017,2024,"2010;2011;2012;2013;2014;2015;2016",partial
KIR,secondary_school_enrollment_pct,2021,2024,"2010;2011;2012;2013;2014;2015;2016;2017;2018;2019;2020",partial
KNA,secondary_school_enrollment_pct,2010,2023,"2024",partial
KWT,secondary_school_enrollment_pct,2010,2015,"2016;2017;2018;2019;2020;2021;2022;2023;2024",partial
LBR,secondary_school_enrollment_pct,2011,2020,"2010;2012;2013;2016;2017;2018;2019;2021;2022;2023;2024",partial
LBY,secondary_school_enrollment_pct,,,,unavailable
LCA,secondary_school_enrollment_pct,2010,2024,"2021",partial
LIE,secondary_school_enrollment_pct,2010,2021,"2013;2022;2023;2024",partial
LKA,secondary_school_enrollment_pct,2010,2023,"2019;2020;2024",partial
LSO,secondary_school_enrollment_pct,2010,2017,"2018;2019;2020;2021;2022;2023;2024",partial
MAR,secondary_school_enrollment_pct,2010,2024,"2013;2014;2015;2016",partial
MCO,secondary_school_enrollment_pct,2016,2024,"2010;2011;2012;2013;2014;2015;2017;2018;2019;2020;2021;2022;2023",partial
MDG,secondary_school_enrollment_pct,2011,2021,"2010;2013;2020;2022;2023;2024",partial
MDV,secondary_school_enrollment_pct,2010,2023,"2021;2024",partial
MHL,secondary_school_enrollment_pct,2015,2024,"2010;2011;2012;2013;2014;2017;2018",partial
MKD,secondary_school_enrollment_pct,2010,2023,"2011;2016;2024",partial
MLI,secondary_school_enrollment_pct,2010,2023,"2012;2019;2020;2021;2022;2024",partial
MLT,secondary_school_enrollment_pct,2010,2023,"2024",partial
MMR,secondary_school_enrollment_pct,2010,2018,"2011;2012;2013;2015;2019;2020;2021;2022;2023;2024",partial
MNE,secondary_school_enrollment_pct,2010,2023,"2013;2014;2024",partial
MNG,secondary_school_enrollment_pct,2010,2023,"2011;2012;2013;2014;2015;2016;2017;2024",partial
MOZ,secondary_school_enrollment_pct,2010,2017,"2016;2018;2019;2020;2021;2022;2023;2024",partial
MRT,secondary_school_enrollment_pct,2010,2020,"2021;2022;2023;2024",partial
MUS,secondary_school_enrollment_pct,2010,2024,"2021;2022;2023",partial
MWI,secondary_school_enrollment_pct,2010,2023,"2024",partial
NER,secondary_school_enrollment_pct,2010,2024,"2018;2019;2020;2021;2022",partial
NGA,secondary_school_enrollment_pct,2010,2023,"2017;2019;2022;2024",partial
NIC,secondary_school_enrollment_pct,2010,2023,"2011;2012;2013;2014;2015;2016;2017;2018;2019;2020;2021;2022;2024",partial
NLD,secondary_school_enrollment_pct,2010,2023,"2013;2014;2024",partial
NPL,secondary_school_enrollment_pct,2010,2024,"2018",partial
NRU,secondary_school_enrollment_pct,2012,2024,"2010;2011;2013;2015;2017;2018;2021",partial
OMN,secondary_school_enrollment_pct,2011,2024,"2010;2014;2023",partial
PAK,secondary_school_enrollment_pct,2010,2024,"2020",partial
PAN,secondary_school_enrollment_pct,2010,2017,"2012;2018;2019;2020;2021;2022;2023;2024",partial
PHL,secondary_school_enrollment_pct,2014,2024,"2010;2011;2012;2013",partial
PLW,secondary_school_enrollment_pct,2013,2024,"2010;2011;2012;2015;2016;2017;2018;2019",partial
PNG,secondary_school_enrollment_pct,2012,2023,"2010;2011;2013;2014;2015;2016;2017;2022;2024",partial
PRK,secondary_school_enrollment_pct,2015,2015,"2010;2011;2012;2013;2014;2016;2017;2018;2019;2020;2021;2022;2023;2024",partial
PRT,secondary_school_enrollment_pct,2010,2023,"2024",partial
PRY,secondary_school_enrollment_pct,2010,2024,"2013;2014;2015;2017;2018;2019",partial
PSE,secondary_school_enrollment_pct,2010,2023,"2024",partial
ROU,secondary_school_enrollment_pct,2010,2023,"2024",partial
RUS,secondary_school_enrollment_pct,2011,2023,"2010;2024",partial
RWA,secondary_school_enrollment_pct,2010,2024,"2020",partial
SAU,secondary_school_enrollment_pct,2013,2024,"2010;2011;2012;2023",partial
SDN,secondary_school_enrollment_pct,2010,2019,"2020;2021;2022;2023;2024",partial
SEN,secondary_school_enrollment_pct,2010,2023,"2016;2017;2018;2024",partial
SGP,secondary_school_enrollment_pct,2016,2023,"2010;2011;2012;2013;2014;2015;2024",partial
SLB,secondary_school_enrollment_pct,2010,2012,"2013;2014;2015;2016;2017;2018;2019;2020;2021;2022;2023;2024",partial
SLE,secondary_school_enrollment_pct,2011,2023,"2010;2014;2022;2024",partial
SMR,secondary_school_enrollment_pct,2010,2024,"2013;2014;2015;2016;2017",partial
SOM,secondary_school_enrollment_pct,2023,2023,"2010;2011;2012;2013;2014;2015;2016;2017;2018;2019;2020;2021;2022;2024",partial
SRB,secondary_school_enrollment_pct,2010,2024,"2023",partial
SSD,secondary_school_enrollment_pct,2011,2024,"2010;2012;2013;2014;2016;2017;2018;2019;2020;2021;2022;2023",partial
STP,secondary_school_enrollment_pct,2010,2017,"2018;2019;2020;2021;2022;2023;2024",partial
SUR,secondary_school_enrollment_pct,2010,2023,"2017;2024",partial
SVN,secondary_school_enrollment_pct,2010,2023,"2024",partial
SWZ,secondary_school_enrollment_pct,2010,2016,"2017;2018;2019;2020;2021;2022;2023;2024",partial
SYR,secondary_school_enrollment_pct,2010,2024,"2014;2015;2016;2017;2018;2019",partial
TCD,secondary_school_enrollment_pct,2010,2024,"2020;2022",partial
TGO,secondary_school_enrollment_pct,2011,2023,"2010;2012;2013;2014;2015;2016;2018;2019;2020;2022;2024",partial
TJK,secondary_school_enrollment_pct,2010,2024,"2014;2015;2016;2017;2018;2019",partial
TKM,secondary_school_enrollment_pct,2019,2024,"2010;2011;2012;2013;2014;2015;2016;2017;2018",partial
TLS,secondary_school_enrollment_pct,2010,2020,"2021;2022;2023;2024",partial
TON,secondary_school_enrollment_pct,2010,2024,"2016;2017;2018",partial
TTO,secondary_school_enrollment_pct,2023,2024,"2010;2011;2012;2013;2014;2015;2016;2017;2018;2019;2020;2021;2022",partial
TUN,secondary_school_enrollment_pct,2010,2016,"2012;2017;2018;2019;2020;2021;2022;2023;2024",partial
TUR,secondary_school_enrollment_pct,2010,2023,"2024",partial
TUV,secondary_school_enrollment_pct,2014,2024,"2010;2011;2012;2013;2017",partial
TZA,secondary_school_enrollment_pct,2010,2021,"2011;2012;2022;2023;2024",partial
UGA,secondary_school_enrollment_pct,,,,unavailable
UKR,secondary_school_enrollment_pct,2010,2024,"2022",partial
URY,secondary_school_enrollment_pct,2010,2023,"2024",partial
USA,secondary_school_enrollment_pct,2013,2022,"2010;2011;2012;2023;2024",partial
VCT,secondary_school_enrollment_pct,2010,2024,"2016;2017;2018",partial
VEN,secondary_school_enrollment_pct,2010,2024,"2018;2019;2020;2021",partial
VNM,secondary_school_enrollment_pct,2015,2022,"2010;2011;2012;2013;2014;2023;2024",partial
VUT,secondary_school_enrollment_pct,2010,2023,"2011;2012;2013;2014;2016;2017;2018;2019;2024",partial
WSM,secondary_school_enrollment_pct,2010,2016,"2013;2017;2018;2019;2020;2021;2022;2023;2024",partial
YEM,secondary_school_enrollment_pct,2010,2016,"2014;2015;2017;2018;2019;2020;2021;2022;2023;2024",partial
ZAF,secondary_school_enrollment_pct,2010,2023,"2013;2024",partial
ZMB,secondary_school_enrollment_pct,2024,2024,"2010;2011;2012;2013;2014;2015;2016;2017;2018;2019;2020;2021;2022;2023",partial
ZWE,secondary_school_enrollment_pct,2012,2013,"2010;2011;2014;2015;2016;2017;2018;2019;2020;2021;2022;2023;2024",partial
BWA,internet_users_pct_population,2010,2024,"2023",partial
CAF,internet_users_pct_population,2010,2024,"2020;2021",partial
COD,internet_users_pct_population,2010,2024,"2017",partial
COM,internet_users_pct_population,2010,2024,"2018",partial
ERI,internet_users_pct_population,2010,2020,"2021;2022;2023;2024",partial
FSM,internet_users_pct_population,2010,2024,"2021",partial
LIE,internet_users_pct_population,2010,2024,"2018",partial
MCO,internet_users_pct_population,2010,2024,"2018",partial
MMR,internet_users_pct_population,2010,2020,"2021;2022;2023;2024",partial
NRU,internet_users_pct_population,2011,2024,"2010;2012;2013;2014;2015;2016;2018",partial
PAK,internet_users_pct_population,2010,2024,"2021;2022;2023",partial
PLW,internet_users_pct_population,2022,2024,"2010;2011;2012;2013;2014;2015;2016;2017;2018;2019;2020;2021",partial
PRK,internet_users_pct_population,,,,unavailable
PSE,internet_users_pct_population,2010,2023,"2021;2024",partial
SDN,internet_users_pct_population,2015,2017,"2010;2011;2012;2013;2014;2018;2019;2020;2021;2022;2023;2024",partial
SMR,internet_users_pct_population,2011,2024,"2010;2012;2013;2014;2015;2018",partial
SOM,internet_users_pct_population,2011,2024,"2010;2017;2018",partial
SSD,internet_users_pct_population,2012,2019,"2010;2011;2020;2021;2022;2023;2024",partial
SUR,internet_users_pct_population,2010,2023,"2020;2021;2022;2024",partial
SYR,internet_users_pct_population,2010,2018,"2019;2020;2021;2022;2023;2024",partial
TKM,internet_users_pct_population,2010,2016,"2017;2018;2019;2020;2021;2022;2023;2024",partial
TLS,internet_users_pct_population,2010,2021,"2022;2023;2024",partial
TUN,internet_users_pct_population,2010,2024,"2022;2023",partial
TUV,internet_users_pct_population,2010,2017,"2018;2019;2020;2021;2022;2023;2024",partial
VEN,internet_users_pct_population,2010,2024,"2017;2018",partial
VUT,internet_users_pct_population,2010,2015,"2016;2017;2018;2019;2020;2021;2022;2023;2024",partial
WSM,internet_users_pct_population,2010,2014,"2015;2016;2017;2018;2019;2020;2021;2022;2023;2024",partial
YEM,internet_users_pct_population,2010,2019,"2017;2018;2020;2021;2022;2023;2024",partial
AFG,trade_pct_gdp,2020,2024,"2010;2011;2012;2013;2014;2015;2016;2017;2018;2019",partial
AND,trade_pct_gdp,,,,unavailable
ARE,trade_pct_gdp,2010,2023,"2024",partial
ATG,trade_pct_gdp,2014,2022,"2010;2011;2012;2013;2023;2024",partial
BDI,trade_pct_gdp,,,,unavailable
BRB,trade_pct_gdp,,,,unavailable
DJI,trade_pct_gdp,2013,2024,"2010;2011;2012",partial
ERI,trade_pct_gdp,2010,2011,"2012;2013;2014;2015;2016;2017;2018;2019;2020;2021;2022;2023;2024",partial
ETH,trade_pct_gdp,2011,2024,"2010",partial
GRD,trade_pct_gdp,,,,unavailable
GUY,trade_pct_gdp,,,,unavailable
JAM,trade_pct_gdp,,,,unavailable
JOR,trade_pct_gdp,,,,unavailable
KNA,trade_pct_gdp,,,,unavailable
LAO,trade_pct_gdp,2010,2016,"2017;2018;2019;2020;2021;2022;2023;2024",partial
LBR,trade_pct_gdp,,,,unavailable
LCA,trade_pct_gdp,,,,unavailable
LIE,trade_pct_gdp,,,,unavailable
LKA,trade_pct_gdp,2015,2024,"2010;2011;2012;2013;2014",partial
MCO,trade_pct_gdp,,,,unavailable
MDV,trade_pct_gdp,2014,2024,"2010;2011;2012;2013",partial
MMR,trade_pct_gdp,,,,unavailable
MWI,trade_pct_gdp,2017,2024,"2010;2011;2012;2013;2014;2015;2016",partial
NGA,trade_pct_gdp,,,,unavailable
PNG,trade_pct_gdp,,,,unavailable
PRK,trade_pct_gdp,,,,unavailable
QAT,trade_pct_gdp,2010,2022,"2023;2024",partial
SMR,trade_pct_gdp,2015,2023,"2010;2011;2012;2013;2014;2024",partial
SOM,trade_pct_gdp,2012,2024,"2010;2011",partial
SSD,trade_pct_gdp,2010,2015,"2016;2017;2018;2019;2020;2021;2022;2023;2024",partial
SUR,trade_pct_gdp,2010,2010,"2011;2012;2013;2014;2015;2016;2017;2018;2019;2020;2021;2022;2023;2024",partial
SWZ,trade_pct_gdp,2013,2024,"2010;2011;2012",partial
SYR,trade_pct_gdp,2010,2022,"2023;2024",partial
TGO,trade_pct_gdp,2010,2023,"2024",partial
TTO,trade_pct_gdp,,,,unavailable
TUV,trade_pct_gdp,,,,unavailable
VCT,trade_pct_gdp,,,,unavailable
YEM,trade_pct_gdp,2010,2018,"2019;2020;2021;2022;2023;2024",partial
ARM,agriculture_pct_gdp,2012,2024,"2010;2011",partial
CAN,agriculture_pct_gdp,2010,2022,"2023;2024",partial
DJI,agriculture_pct_gdp,2013,2024,"2010;2011;2012",partial
ERI,agriculture_pct_gdp,,,,unavailable
LIE,agriculture_pct_gdp,2016,2023,"2010;2011;2012;2013;2014;2015;2024",partial
MCO,agriculture_pct_gdp,,,,unavailable
NRU,agriculture_pct_gdp,,,,unavailable
NZL,agriculture_pct_gdp,2010,2023,"2024",partial
PRK,agriculture_pct_gdp,,,,unavailable
SMR,agriculture_pct_gdp,2015,2023,"2010;2011;2012;2013;2014;2024",partial
SOM,agriculture_pct_gdp,,,,unavailable
SSD,agriculture_pct_gdp,2010,2015,"2016;2017;2018;2019;2020;2021;2022;2023;2024",partial
SYR,agriculture_pct_gdp,2010,2022,"2023;2024",partial
TUV,agriculture_pct_gdp,2010,2015,"2016;2017;2018;2019;2020;2021;2022;2023;2024",partial
USA,agriculture_pct_gdp,2010,2021,"2022;2023;2024",partial
VEN,agriculture_pct_gdp,2010,2011,"2012;2013;2014;2015;2016;2017;2018;2019;2020;2021;2022;2023;2024",partial
YEM,agriculture_pct_gdp,2010,2018,"2019;2020;2021;2022;2023;2024",partial
ARM,industry_pct_gdp,2012,2024,"2010;2011",partial
CAN,industry_pct_gdp,2010,2022,"2023;2024",partial
DJI,industry_pct_gdp,2013,2024,"2010;2011;2012",partial
ERI,industry_pct_gdp,,,,unavailable
LIE,industry_pct_gdp,2013,2023,"2010;2011;2012;2024",partial
NRU,industry_pct_gdp,,,,unavailable
NZL,industry_pct_gdp,2010,2023,"2024",partial
PRK,industry_pct_gdp,,,,unavailable
SMR,industry_pct_gdp,2015,2023,"2010;2011;2012;2013;2014;2024",partial
SOM,industry_pct_gdp,,,,unavailable
SSD,industry_pct_gdp,2010,2015,"2016;2017;2018;2019;2020;2021;2022;2023;2024",partial
SYR,industry_pct_gdp,2010,2022,"2023;2024",partial
TUV,industry_pct_gdp,2010,2015,"2016;2017;2018;2019;2020;2021;2022;2023;2024",partial
USA,industry_pct_gdp,2010,2021,"2022;2023;2024",partial
VEN,industry_pct_gdp,2010,2011,"2012;2013;2014;2015;2016;2017;2018;2019;2020;2021;2022;2023;2024",partial
YEM,industry_pct_gdp,2010,2018,"2019;2020;2021;2022;2023;2024",partial
ARM,services_pct_gdp,2012,2024,"2010;2011",partial
CAN,services_pct_gdp,2010,2022,"2023;2024",partial
DJI,services_pct_gdp,2013,2024,"2010;2011;2012",partial
ERI,services_pct_gdp,,,,unavailable
LIE,services_pct_gdp,2016,2023,"2010;2011;2012;2013;2014;2015;2024",partial
NRU,services_pct_gdp,,,,unavailable
NZL,services_pct_gdp,2010,2023,"2024",partial
PRK,services_pct_gdp,,,,unavailable
SMR,services_pct_gdp,2015,2023,"2010;2011;2012;2013;2014;2024",partial
SOM,services_pct_gdp,,,,unavailable
SSD,services_pct_gdp,2010,2015,"2016;2017;2018;2019;2020;2021;2022;2023;2024",partial
SYR,services_pct_gdp,2010,2022,"2023;2024",partial
TUV,services_pct_gdp,,,,unavailable
USA,services_pct_gdp,2010,2021,"2022;2023;2024",partial
VEN,services_pct_gdp,2010,2011,"2012;2013;2014;2015;2016;2017;2018;2019;2020;2021;2022;2023;2024",partial
YEM,services_pct_gdp,2010,2018,"2019;2020;2021;2022;2023;2024",partial