country_code_3,country_name,year,gdp_per_capita_ppp,gdp_growth_annual_pct,general_government_final_consumption_expenditure_pct_gdp,inflation_gdp_deflator_annual_pct,unemployment_rate_pct,population_total,population_growth_annual_pct,urban_population_pct,urban_population_growth_annual_pct,life_expectancy_years,fertility_rate_births_per_woman,under_5_mortality_rate_per_1000,access_to_electricity_pct,co2_emissions_per_capita,mean_years_of_schooling_adults,internet_users_pct_population,trade_pct_gdp,agriculture_pct_gdp,industry_pct_gdp,services_pct_gdp
AGO,Angola,2018,-0.34155312525487386,-2.344239943424271,-0.8545197295627873,2.2564150394372637,1.4904115614352995,0.6601096891801667,1.7484038022823674,0.2050700207830374,1.4144990462433271,-1.3314467572570363,1.9716628667935463,1.2162971268220482,1.5588270772677992,-0.9362801253240041,-1.0293800661774875,-1.0507592741548273,-0.550212686739096,0.7304164702140432,1.2809971576479815,-1.1834345175598275
ALB,Albania,2018,0.0704691973113746,1.1699372947912579,-0.6817521039134685,-0.6080163525011868,1.0579681098738398,-0.7886326210697745,-2.180954310041089,-0.24138881186237532,-1.4275623068067165,0.8395841580389384,-1.0733564903431265,-0.46373164656755717,-0.8264021142356344,-0.39207313726094617,0.32314177208892897,0.2719555761573044,-0.026840370124173396,1.0396251241506282,-0.14847115550077755,-1.0366803236193296
ARE,United Arab Emirates,2018,1.4012344799289664,-0.7803761306191977,-0.6235742689897531,0.6955907576595444,-1.1258564955724069,-0.04442880299304009,0.07848733153165689,1.0977309914244804,-0.20078606137472899,1.2591303947394301,-1.2390080975519977,-0.7479537297976117,-0.8264021142356344,2.031154860691827,1.0781681306246516,1.4729370129228907,1.4117642551469438,-1.5507369146257401,1.5779459058641858,-0.16800842011765915
ARG,Argentina,2018,0.5363896165492089,-2.1647426165957517,0.09562523678772966,3.1706195390574594,0.650595041926348,0.8673234891801873,-0.3201627821791769,1.422497742114178,-0.5179099158460109,0.5171176017708551,-0.3404808187627225,-0.33922242009972015,-0.8264021142356344,0.298703134049901,0.6537804044149107,0.7189168385538642,-1.8170263098122434,-0.2828428430588986,-0.15220343321172972,0.09956263779371635
ARM,Armenia,2018,0.006090381152269174,1.27915788380952,-0.7690029473666049,-0.20371688944998215,1.6850756679876302,-0.7129939681837905,-1.2423865609798013,0.1569775607095419,-1.0654871471252612,0.3667959484210034,-0.847017580503653,-0.185050544999864,-0.7698504361657477,-0.3100927683971708,0.6958092430945535,0.3753399358727677,0.37494307390498777,0.7857757486517796,-0.04060673377931459,-0.2566492268710407
AUS,Australia,2018,1.196145731751757,-0.3392348695704942,0.736308441906548,-0.47498940518799865,-0.08574554906595078,0.5282840760745767,0.20913841642670536,1.2089946970368126,-0.16216508282353118,1.2982994310193372,-0.6861947784776848,-1.2096716026259078,-0.8264021142356344,1.724903852994328,1.0720175838679888,1.166176188901357,-1.1289132770224268,-0.7855128144364231,-0.1098283545162957,1.0696821808154393
AUT,Austria,2018,1.285636086959894,-0.09404111155207617,0.6917921052829419,-0.4864981485145805,-0.18945419149557594,-0.07688797998899911,-0.5843288826484843,0.3099810245939026,-0.5908568846932734,1.160310718065156,-1.0043042479098563,-1.2727234658861117,-0.8264021142356344,0.8949387614315699,0.9951357494097024,1.0742742420898983,0.6940472818259981,-1.3221328754026276,0.059029996841704936,0.6569526313614013
AZE,Azerbaijan,2018,0.24895510525658515,-0.6159058227209714,-1.0171288322543783,1.2558721286771464,-0.19807012777654207,-0.008563308040101693,-0.2860722598994005,-0.20344098336998612,0.1374018892156202,0.02662349632904782,-0.6974065559820128,0.3947270848622294,-0.8264021142356344,0.14289932161629523,0.5123178290116641,0.7952271435499005,0.357476200830535,-0.15910622096063273,1.9318774934324383,-1.9016091454470727
BEL,Belgium,2018,1.2220297632331831,-0.3129155449177805,1.1513785704424444,-0.5170596490675867,0.05293829181477157,0.07272783371407483,-0.6094065437601791,1.1930839343262385,-0.6308830305433512,1.1475634928499818,-0.8235200116440294,-1.1697899509993799,-0.8264021142356344,1.0519682925754672,1.0258881756656786,1.1167248754364014,1.5809411003795701,-1.5769297234564406,-0.7324382650917864,1.362426859676472
BEN,Benin,2018,-1.376619252923949,0.5770844636791663,-1.0313698539044207,-0.9286539799359363,-1.5708839247869988,0.11958161673739759,1.245398375484006,-0.6354502733325217,1.222079402274091,-1.7119259354793446,1.7330705592105657,1.6583339545498852,1.6224063506462225,-1.1429596206543835,-1.88581267253441,-1.4141424595159549,-0.43288166111503407,1.5020708681129273,-1.3950155263743858,-0.6188191864362915
BFA,Burkina Faso,2018,-1.6503650696008845,0.5888571716856184,0.5165320354116962,-0.7522043118710877,-0.2526975418454876,0.41169013309939767,1.1537731004350995,-1.6656328855390574,0.6117820456164523,-1.6776932621640133,1.6766255333315376,1.6754741274823548,1.8206812451835857,-1.3150687447231488,-2.169320556893364,-1.7957347612514647,-0.47205024772289883,1.2021304924135823,0.04582049968930573,-1.1169884214853438
BGD,Bangladesh,2018,-0.7514021422931085,1.61399136767962,-2.4707957306818447,0.42173135738246254,-0.3237448412732446,1.6240314171069514,-0.32174691156219365,-1.4571547713289799,-0.03149492918728837,-0.09018570193013689,-0.21702368678212858,0.7172384745352137,0.7436885682659659,-1.087426522508779,-0.794673356779204,-1.1755777746692502,-1.7079856560432831,0.6749029776077559,0.6309792616345575,-0.42046489191992426
BGR,Bulgaria,2018,0.5468051967855084,0.5794692133039776,0.21021266636303812,0.12960474550707368,-0.11871807795529438,-0.23757469146949642,-2.045969257966917,0.5683502617348472,-1.556466208500523,0.2810708588490063,-0.6974065559820128,-0.7106129503390735,-0.3322008790852751,0.6984204916607003,0.7142605758372041,0.24949882820386404,1.0474086863752403,-0.5293400538435851,-0.3199412984734378,0.5340081844183444
BHR,Bahrain,2018,1.1527833617536298,-0.12001869696219636,0.0527140662732014,0.12496299196770992,-1.7303863413179768,-1.1098321548249594,-0.8639817767874325,1.809520607984464,-0.9266119599732316,0.992977892665653,-0.5005576993314637,-0.6286636932939614,-0.8264021142356344,2.0309896636351006,0.4692640017150235,1.4800110224000762,1.2676217578139095,-1.8639149509492683,1.3179159589167133,0.17893963536469035
BHS,Bahamas,2018,0.7194160490586593,-0.1593173129023594,-0.8194523494704121,-0.972788335409202,0.7642078284372622,-1.8923074212401736,-0.5191342599784013,0.9615836298764446,-0.7736587271052956,0.1632928714734612,-1.0873555165426367,-0.12960504100712666,-0.8264021142356344,0.7077060853695986,1.0986971180617027,0.9115099267952618,-0.12280172089498527,-1.5688859381560483,-1.8432376600032532,1.880800205815581
BIH,Bosnia and Herzegovina,2018,0.08016785842020045,1.1021607435157421,0.696427960586247,-0.2030798713384142,1.640652722708226,-0.6362036629421124,-1.9293189544466312,-0.5895338935889497,-1.1177419157388375,0.6702500182806574,-0.9623823232136373,-0.7353475574998225,-0.8264021142356344,0.7495227075046299,0.2570701386101534,0.44347729115807755,0.5004456215577825,-0.07474077165167294,-0.1531083826167435,-0.15068954145497673
BLR,Belarus,2018,0.5033021827923382,0.43639113009111824,0.08423879544850596,1.2511480451632508,-0.2343622650404043,-0.03871333314940052,-1.1355475349388113,0.7382161312901626,-0.9761433707827664,0.17813701523652878,-1.0317388311070446,-1.2946786549619487,-0.5115572771944714,0.7555529888468845,0.9443937386672331,0.7708765166357902,1.2010078246654747,0.0565387120674612,0.5712754233217677,-0.7127375018739746
BLZ,Belize,2018,-0.23510355175927902,-1.25428375441123,0.6688920022230876,-1.2711509682005542,0.6695232030754258,-1.9111514721347018,0.49902469102142,-0.8625502888438529,-0.3360985035527988,-0.06405389023904391,-0.07625152080156904,-0.10301932438258228,0.49676249113949345,-0.4172473737923313,-0.02912310521549354,-0.1570691587089528,0.5520113197668292,0.1350854865843138,-1.5697456857234489,0.8043714947063761
BOL,Bolivia,2018,-0.19960255523423,-0.31719718472225483,0.14256146421672267,-0.2876685863176583,-0.6099900487564983,0.07686161150711965,0.15988645220822428,0.37150921298927414,-0.006900386016377112,-0.6680907174786503,0.25964273131133037,0.3211133371351109,0.42207226229417566,-0.32747643129643816,0.20094639945560408,-0.4952865696146714,-0.9816248725806789,0.17212536423148841,0.4961691680170585,-0.2837037297154484
BRA,Brazil,2018,0.1613079052293948,-0.43745386995527574,0.7297382028093609,0.18170423391949164,1.0608681387638963,1.7589586803873147,-0.42989585807087777,1.172102676486624,-0.4949727113029238,0.36855825230699346,-0.6817215206001013,-0.021296190425600235,-0.6707299766772957,-0.19610710429329167,-0.30570488962450265,0.45489288311483517,-1.9413596881173503,-0.30592740382486777,-0.7618532797315072,0.695892891952771
BRN,Brunei,2018,1.4650256998051572,-1.276716180106417,1.2683202434538112,0.9164960783064309,0.5699282167704227,-1.8289395105236028,-0.057150754175891584,0.6255684428081227,-0.4170147010557335,0.2848057958370428,-0.5676499110960975,-0.3476084355204419,-0.8264021142356344,2.0055750495826485,0.05102682226194603,1.3475697492286147,0.40566740992342665,-1.3698677998014475,2.4415772040359034,-1.7066415815843692
BTN,Bhutan,2018,-0.06642078981390764,0.2036948113543445,0.527830127649682,-0.7214993869330834,-0.6688672149729428,-1.5075891911847779,-0.4039182404393146,-1.0834549508102966,0.19139779401341597,-0.1438865749553324,-0.9465036059928043,0.4103588551121535,-0.8264021142356344,-0.2309901086510209,-1.3511043113034986,0.20243309132545248,0.07755294192442297,0.7571998747747479,0.8886243152478898,-0.9211450423767048
BWA,Botswana,2018,0.15671289014792103,0.18750015361185712,1.791922321142355,-1.2701307475437469,1.7382307499897451,-0.862056955905411,0.14856959996300367,0.2184552089938159,-0.09430402836849221,-0.8416059471075058,0.4283762446359427,0.9140586790629649,1.2428093080849634,0.11147063236648698,0.3954574406350686,-0.4284619651894639,0.26288874894142,-0.9015018739885965,0.8535865194586556,0.2956813837882441
CAF,Central African Republic,2018,-2.2893946610711766,-0.09719634128043497,-1.8208685080778553,-2.5021506175376507,0.026904179097479844,-0.42345794914584145,0.41730200523943234,-0.9510493442584955,0.5051756481375678,-2.680501535809693,2.2369077563098667,1.9447778900662551,1.8193093520286585,-1.515350045845248,-1.5585663435193315,-1.9192450906200624,-0.8689618972173747,1.61373841711795,-0.524127719464857,-1.1684469313371277
CAN,Canada,2018,1.1913649447703178,-0.3644215777228685,0.8372751023672798,-0.5392752384119597,0.02961780111263279,0.758838919657107,0.15977261398949008,0.9421064238849226,-0.15913244359822298,1.1748106867474084,-0.9550434659460761,-0.9596337054850143,-0.8264021142356344,1.6506205173265656,1.4797985263074016,1.3344879545556143,-0.28316044544145746,-1.0562737056049512,-0.021240431447595607,1.0654318568596726
CHE,Switzerland,2018,1.5013799798568677,0.12937492295875472,-0.7726997053286038,-0.8919256780316331,-0.2478228672483396,-0.09880544430015821,-0.3880612035281837,0.835956639763764,0.29444040273362926,1.429595850735562,-0.9428509340525147,-1.1504434812249953,-0.8264021142356344,0.3544006227404301,1.4841042165644034,1.2312872407449256,0.9570196291089926,-1.5986112829475407,-0.004412481404391311,1.5293520078547949
CHL,Chile,2018,0.5722914719788171,-0.03132014769904367,-0.07351775475603399,-0.559995699037477,0.3881246913751004,0.3658626775468066,0.4367280456121528,1.2435635101476699,0.024361098283991096,1.012184774258605,-0.9149907353649666,-0.6746469945271875,-0.8264021142356344,0.3824398954792923,0.5495510863851362,0.9805527876115032,-0.553396283426471,-0.4085821192153103,0.2684945928344345,0.25439787517885026
CHN,China,2018,0.15581969528103398,1.5441171460848366,0.2690254936280145,-0.03747728445848199,-0.36082356490651096,2.8770057855908395,-0.5995858806997052,-0.0005246962677591234,0.31812803109488297,0.6398064576605358,-0.9198178402284346,-0.5324912074522858,-0.8264021142356344,0.8624031088871154,-0.3559794588134655,0.27044378982079803,-1.4585666284392498,0.10195471522513803,1.1533043408646177,-0.11535258091529277
CIV,Cote d'Ivoire,2018,-0.8575887825629886,-0.06832475055467457,-1.125525110229787,-0.5288378581981222,-0.8566805355161139,0.5839458204837921,1.1536405968514891,-0.5002102857388238,0.884962515169327,-1.7008199155106303,1.5035161431986523,1.525405154617299,1.2641933710448843,-1.2068326332693098,-1.2871564308670649,-0.7401925218778358,-1.0196342942799226,1.0360360232402268,-0.7124400658335814,0.02828104535283703
CMR,Cameroon,2018,-0.9956909902797718,-0.4279698189924507,-0.6696944952487954,-0.4587866661148847,-0.5798629022618704,0.5246089064603616,1.2113199857780155,-0.37034993366111646,0.7504838923845749,-1.5186811880237148,1.5814250892792263,1.537709659807337,1.3442978514605257,-1.1922054499268404,-0.7855367195721811,-1.025322423562426,-1.2697080482359193,0.955809247385895,-0.048454864121573946,-0.4625743244183017
COD,Democratic Republic of the Congo,2018,-2.0764367918216524,0.13354131988920726,0.03498380803060888,2.5687260322989798,-0.2698810726000456,1.2762141297770897,1.6650654957963384,-0.8940587967428338,1.2040018293940016,-1.6837035788529644,2.3194783301533004,1.6828794185798914,1.7904630261144203,-1.5303787692466462,-0.5924556805136408,-1.6794121917338585,-0.11159258199372328,0.6606015442015409,1.1011002999776227,-0.841666028301321
COG,Congo,2018,-0.6673156308892213,-2.6410763960255124,-0.33302354119022026,2.0977492145015186,1.8236568906273165,-0.35536310727298354,0.9506362036272099,0.09083648933322537,0.33966076805396256,-1.0897274991144303,1.4179464794213519,1.0520093421481245,1.5404357418082884,-0.6715370610154534,-0.23399843273461016,-1.6755203400128647,0.5439111775591373,0.0843028653404023,2.03893077772395,-1.9562616282389662
COL,Colombia,2018,0.12015409660994038,-0.5889264523590747,0.028404081809501373,0.20862589233220938,0.6716120863347469,0.921748448591272,0.47900122087099867,0.7413759490686574,-0.005730220172484758,0.49216172160586125,-0.7143014622540688,-0.09648441842565544,-0.282726941302852,-0.36860025998583706,-0.14579067395126719,0.22567419576606348,-1.477931274876262,0.003569578382806215,0.1760382123609923,0.22131621037561364
COM,Comoros,2018,-1.2775497729877017,-0.22746046482334695,-1.077868711550414,-0.478366169443946,-0.4614880884244959,-1.4985808954689464,0.5683446609458641,-1.4153214037299193,0.5249829266078049,-0.9683452338093048,1.28317516491961,1.0151383702475236,0.9510962334268764,-1.2142489032009431,-1.0853712610494304,-1.652848865458344,-1.1553763424048482,1.6934834339451623,-2.643610391131771,-0.20271182306162916
CPV,Cabo Verde,2018,-0.49584398719618633,0.5251455554351553,0.4726888735127857,-0.5214204368963206,1.0423304695481506,-1.7360704563409008,-0.8873852593871799,0.4177566684073121,-0.054783333771612805,0.26494561895181223,-0.6153941099235121,-0.027345527387489226,0.5854861772989295,-0.7145638493773872,-0.9189002550062543,0.057559441196611896,0.6468941114958086,-0.2857843877452671,-1.3973198354936787,1.1491204814318836
CRI,Costa Rica,2018,0.3851216675782322,-0.11685235172788527,0.1560427060471308,-0.36681506234477956,0.6185233929903369,-0.41407438399960395,-0.25604754527138474,0.7072411012505706,-0.18739132418526985,0.9509056758429935,-0.7244832681708836,-0.4926095558257578,-0.6707299766772957,-0.47237941959881413,-0.078134659627975,0.56555926618833,-0.2775329641401258,-0.2954808657793045,-0.6598886931932956,1.27465867025887
CYP,Cyprus,2018,0.9469817101149735,1.0808017842660231,-0.10030075393556276,-0.7718840275153491,0.5383954751925564,-1.207730699678093,0.05809027070194439,0.2498436908983146,-0.37052944408684946,1.1424518555387015,-1.1977402944692657,-1.4639590271189529,-0.8264021142356344,0.6274536174921537,1.016662663058022,0.9636039050071815,1.3166915018878984,-1.0490216429568957,-1.8927597919214159,1.7250075657609643
CZE,Czechia,2018,1.0020407206232071,0.09790444432147549,0.6384472120606729,-0.19705661969188706,-1.1210902809461325,0.030572087407523527,-0.7043760355889682,0.5330735822694316,-0.8658530233032293,0.8123114696910849,-0.7199538467693698,-1.3636695322436159,-0.8264021142356344,1.1967264366986095,1.1858026988662522,0.8275018225862535,1.282493797328453,-0.9541401093289518,0.569535174525308,0.16152476829337994
DEU,Germany,2018,1.267443997488686,-0.5364295865012043,0.7188522811000593,-0.4670926571591956,-0.656840411883707,1.2280397610360823,-0.7310370775291086,0.9229372145464724,-0.7382998606708633,1.055783471300784,-0.8826050329082556,-1.2096716026259078,-0.8264021142356344,1.0901676069403134,1.570211871157684,1.0582117919909109,0.06203814400422614,-1.5277369146168296,0.07236832269718799,0.7085118840557233
DJI,Djibouti,2018,-0.870130437159806,0.3361963956165567,0.925703549098066,-0.9355178413305163,2.1615482066865805,-1.306943557591048,0.29297147307624544,0.47033143969759544,-0.022802698114845765,-1.1376793735675839,0.36310575326749467,1.2643678562558982,1.3412314698287309,-1.1571742156031743,-1.5949752431110087,-0.031044320498759163,2.752471866528684,-1.1755649094402634,-1.5103399170723657,2.106685297824695
DNK,Denmark,2018,1.3142295959470187,-0.3355681310935318,1.3044517206445476,-0.9660101701693078,-0.13874401306563816,-0.32324875298963407,-0.5774340885163312,1.2503301457761762,-0.6853749747974115,1.0637504870602636,-0.6974065559820128,-1.1895272848709582,-0.8264021142356344,0.6626771599802183,1.1950285190012464,1.4318457361979693,0.7021264286828458,-1.3809147520654417,-0.5216333955314004,0.9334940442542895
DOM,Dominican Republic,2018,0.28754136913471257,1.4266043776640582,-1.099794862330204,0.19098618605014006,0.03503078583638317,0.038856043101004156,-0.12251629668498894,0.5758120814606993,-0.5564930130598138,0.09704872883654261,-0.02711499242492311,0.7506422342865854,-0.386178394657041,-0.18739255255507153,-0.01550548716890355,0.6143369151181465,-0.7644685954937075,-0.27633160473051377,0.17839088685662086,0.5453933780687292
DZA,Algeria,2018,0.023952490753275022,-1.0647548489779164,0.3601500301100145,0.4814431355905454,1.0355125391267244,0.8385584109190056,0.5565988157539702,0.48866261829784,0.4285935582567074,0.3583668457474688,0.4884737920929575,0.39077974697545903,-0.626758491236243,0.30276779090191797,-0.6562134783025598,-0.32259503811251133,-0.7606267464613423,0.5713439698376254,0.8944624085499371,-0.5594039040238323
ECU,Ecuador,2018,-0.051925203527244675,-1.114028553574027,0.052286647748139126,-0.4836132790812483,-0.6062344897658275,0.30600305883414236,0.38194252467050394,0.07202461192010963,-0.08745804768511149,0.5795726317125676,-0.2968017441453704,-0.0899929340913453,-0.3322008790852751,-0.2161767452116456,-0.05763273459665303,-0.015117195875613623,-0.9362398948314739,0.1966500382067242,0.2828741798288892,0.3252310030918437
EGY,Egypt,2018,-0.02683643131138682,0.4293669002310522,-1.7409318377464602,2.0234715853480143,0.7437100949994275,1.3695478851627396,0.5246155983830918,-0.8957956109679586,-0.0020906772308640882,-0.24018230103700802,0.4892366774635516,0.4483778468838742,-0.8264021142356344,-0.20429264877546616,0.10333752995470157,-0.39941901513359235,-1.0251025743400202,0.5343493468020671,0.8934621564295296,-0.3490900174140843
ESP,Spain,2018,1.0025020767319197,-0.11405124017882176,0.5212137560816857,-0.7072087735543661,1.3674326351537052,0.8944527180260188,-0.612246385999261,0.8484523927474021,-0.7013717802290562,1.3875300075255095,-1.2767656970615373,-1.3401270726351926,-0.8264021142356344,0.6168693486419733,0.3585541600950914,1.024421641093384,-0.27089332161825375,-0.7166401029379399,-0.6290825942943331,1.2147674564613988
EST,Estonia,2018,0.891112748124699,0.4246679093175928,0.5695141229271968,0.2505716132714623,-0.0695195099876593,-1.1846845818403824,-0.6936709975272319,0.3652546661400444,-0.5997149589162868,0.7096963067089938,-0.7655519766635056,-1.4639590271189529,-0.8264021142356344,1.5043968406702761,1.4410503892677629,1.1425129002504035,1.2593440623273184,-0.9252203516224272,-0.19996324921713537,0.5983390780941638
ETH,Ethiopia,2018,-1.6523664731117322,0.6679579399429546,-1.0726036665872118,1.2764098154770467,-0.8732104821911139,1.4068447676832896,1.1534703503545032,-1.9147815247614997,1.597306471445626,-0.9871601382268903,1.377676658296817,1.2043306542307692,1.564129556928356,-1.423502128758062,-2.0231579796805454,-1.5272927175906188,-1.789287462680077,1.6129860049857987,0.21568546214621345,-1.7946956651595345
FIN,Finland,2018,1.1740352833239511,-0.4495540258037305,1.1433599234387257,-0.4305730933709037,0.3404620572240507,-0.35192762510722353,-0.8630704897728876,0.5092124707648764,-0.6492136074146277,1.1657282887815952,-1.0797117625274135,-1.5465686186250978,-0.8264021142356344,0.9938069468414933,1.1781145154204236,1.1255411693878425,0.06250415029710671,-0.9025671604487673,-0.10956880065135917,0.4355300096960633
FJI,Fiji,2018,-0.11602675079862974,0.6744734506280923,0.7981775354566921,-0.6179221673741858,-0.30007037122049157,-1.397811843520184,-1.1026629082576207,-0.2481666682101355,-0.6290394599253154,-0.7639944663849596,-0.007319973539641357,0.4103588551121535,0.2267543706668974,-0.46930621585281546,0.48932800781727165,0.011642363697371049,0.5962511771688161,0.5412720160025525,-1.2438522074948404,-0.1324653738630845
FRA,France,2018,1.114337724930983,-0.363946443044176,1.2337172550397155,-0.7358799883062249,0.6197574485262113,1.105233240174668,-0.6854483302888768,0.8067711821445787,-0.7929529335852468,1.2887390121079652,-0.5440537155826587,-1.1314726948999254,-0.8264021142356344,0.4759672944282924,0.7798663053991627,0.8767409431854906,-0.2770882310402284,-1.1257751912224117,-1.0554571122354623,1.4060827885688243
GAB,Gabon,2018,0.2236967622928956,-1.5025346419603205,-0.9920177161230902,0.6386668776320555,1.7964711858937745,-0.8844987780603083,1.0277417096714354,1.313706447362106,0.5804098447870595,-0.753803059825433,1.1012465080574356,0.8834892961827372,0.6175666129636982,-0.12771082419226687,0.10699679774757806,-0.09069361804860938,0.008400173877993801,-0.12104223343611403,1.6571304601834211,-1.3478500777516065
GBR,United Kingdom,2018,1.121420778564473,-0.4504535171134367,0.5015184120719043,-0.4381207574907054,-0.40958519825876416,1.0976197973504975,-0.5832324461256958,0.9842563240529006,-0.6062837571302517,1.1032668852272773,-0.7540887194582709,-1.0946017229993243,-0.8264021142356344,0.6145743675409,1.3129138959948397,1.191024599612301,-0.3345765171319073,-1.6446809087478351,-0.8665217751093173,1.4643213362884033
GEO,Georgia,2018,0.12657918698921442,1.4842217684006491,-0.37658227150420476,-0.033337454251911924,1.099551326268432,-0.5805065086469787,-0.9980860561646144,-0.15080061162268266,-0.7442603657804848,0.15323212397239078,-0.31459532056056666,-0.4174213278257026,-0.7698504361657477,-0.09822759994222374,1.1904153014064114,0.17449281429473715,0.7211539139653271,0.18620475250054244,-0.48057054038728847,0.28745657064753644
GHA,Ghana,2018,-0.7735764537209833,0.6851612402487541,-2.0271728572877548,1.0790458330074724,-0.7216033217470477,0.6476923166080806,0.664629406952832,-0.2958560681021766,0.5677489719770397,-1.1333676246385536,0.9356620748305617,1.0213809780557384,0.9686347573487406,-1.113244416454544,-0.8168639144225681,-0.5420228146492486,-0.24274899546480158,1.0521303781135456,0.5638699034956125,-1.1048681375106313
GIN,Guinea,2018,-1.2961410545927252,0.5579150817333097,0.039095713557740545,0.6211591909795743,-0.21518276648652074,0.13452072592899703,1.0332254811668395,-1.206197860365591,0.7163177689415443,-1.7990755274691388,1.5432589976799675,1.8366357997135034,1.562014248002842,-1.2779595869901534,-2.104739815948403,-1.3113041807128358,0.29769181744694423,1.2932362464901885,0.7405670597802044,-1.9214662041278439
GMB,Gambia,2018,-1.5307354138172184,0.9339156513160616,-2.1295197725110415,0.6050140921234511,-0.4368458281093874,-0.8371170018833163,0.9381338641036838,-0.021004708861312876,0.7635091956653678,-1.1469561667179216,1.4055249580925155,1.1421956984033348,1.3726643272298489,-1.3017761977392008,-1.49896016479116,-1.0758690515365148,-0.3375769090415563,1.1455675911745524,-0.9672550114799886,-0.039563053604906244
GNB,Guinea-Bissau,2018,-1.6287424029445794,-0.34671965220880346,0.2374249841271594,-4.457622158750424,-0.7501587208852355,-0.9664588353949528,0.8996898776321016,-0.8493834408594761,0.7473062012169773,-1.4581860439588352,1.3025439316093435,1.577248885794562,1.716054077722438,-1.4647215139916359,-1.643899121479474,-1.5340589175894075,-0.6647474398399197,1.656495894523561,-1.1103537617568962,-0.9844489950389392
GNQ,Equatorial Guinea,2018,0.2659644465856172,-4.447460231393941,1.1963590380230158,0.9536247926264476,0.42266797382907983,-1.067454217325222,1.7061081439861372,0.39155024999476945,0.9778306422987354,-1.4238227115850488,1.4576943036690668,1.5889212444473708,1.2746031735798666,0.35735045612811106,-0.24816344944254318,-1.0362239605489432,0.6042283672386521,-0.8539844012455096,2.1776561684146833,-1.4085785148973922
GRC,Greece,2018,0.6946540889448957,0.015473371499947354,0.7142791266534873,-1.484276957897701,1.701467764172963,0.03619129306552098,-1.1269406680646268,0.7775104704581647,-0.9937350966830568,1.172739262649942,-1.1570205058424672,-1.1314726948999254,-0.8264021142356344,0.7753590381089889,0.5707480231999615,0.5204505111488062,0.0648941329081223,-0.5001359241363604,-1.5673079565683237,1.3472374089115187
GTM,Guatemala,2018,-0.255403385423838,-0.2044034317192716,-0.8557073134416642,-0.6748871702713972,-1.103582061479386,0.29899028836191677,0.34285511257202894,-0.36038405789300176,-0.08808041940172343,-0.17197827252325742,0.2703113973673501,0.4446418392797633,0.31099150595867964,-0.7281152933895281,-1.0704046743354358,-0.5965302924534177,-0.9780056699594674,0.39929464524712144,-0.4165926234934067,0.7343936067396297
HND,Honduras,2018,-0.7757427419304609,-0.10335395514323793,-0.34143633250908967,-0.44297563851435534,-0.013685556353556538,-0.018892569721846154,0.47177264501429245,-0.26450779284338916,0.41465255183585353,-0.1059954480032473,0.1889560739385343,0.14468918772133604,0.5031084716867605,-0.7715902312929123,-0.8254260905625185,-0.7949353014497106,0.6023932936925942,0.6030829567308341,0.14637815325361167,0.19154685317144243
HRV,Croatia,2018,0.7215012810635056,0.7810076081615386,0.9674564992870307,-0.41834910295894745,0.5085272689750667,-0.5408626781629327,-1.9983200126856169,-0.25473291836552964,-1.4952261531000464,0.6673117828685682,-1.0043042479098563,-1.0247888306940638,-0.8264021142356344,0.36690081973686667,0.8595134256792445,0.6315095915700333,0.5137288524965198,-0.6463097124057726,-0.6886366946012936,0.3977011886473977
HTI,Haiti,2018,-1.293681834036891,-0.7302186911480741,-1.6382011280319502,0.5408793404074432,1.23650131618535,0.04852470445336961,0.07694656980806762,-0.47655967298649987,0.34062705092254614,-1.1413378272043377,0.41512025414285475,1.3270152629597547,1.5683376846748354,-1.266029699293011,-1.1045686551136646,-0.9245335050271801,-1.0588196357998074,1.0837003509202139,-0.10656542869482384,-0.17361483793286275
HUN,Hungary,2018,0.774209279054666,1.376127361280379,0.6894295610808167,0.24987270698820394,-0.5602100210777713,-0.022380274189383063,-1.127575356729457,0.42124049526930496,-1.0875733409955266,0.42511450378038823,-0.8826050329082556,-1.1128632789499409,-0.8264021142356344,0.49891829037934693,0.9520819221130619,0.6598438375383864,1.5129112273860754,-0.5130838813876133,-0.018220825582851884,0.07141366460468833
IDN,Indonesia,2018,-0.17455881569277493,0.7389611309125182,-1.4093030706847591,0.04136375990658264,-0.3385843983323667,1.9162751236826774,-0.2047326582330425,-0.30162913227182603,0.11298756314552894,-0.3569914992961927,-0.1921555339501811,0.354517096886483,-0.282726941302852,-0.21806054332490382,-0.2503499688145366,-0.6545030417850423,-1.151772070064953,0.7008182078034294,1.2039159949578802,-1.130841866744557
IND,India,2018,-0.6107926316214187,1.173211065192719,-0.9279389336065497,0.05567666472127666,0.39331105099220237,2.865208532091878,-0.10441671349465136,-1.3170109508999301,0.06381719669976679,-0.31322071471361157,-0.22567909776063494,0.8090651427531795,0.1631209296279359,-0.3543106658286675,-0.8408024574541756,-1.3748498343042386,-1.1269212800261765,0.9266763071872549,0.12856782522506136,-0.6537919989300625
IRL,Ireland,2018,1.6207669840136953,1.4970616775833823,-0.7064625154752753,-0.8155483780955711,0.007774164520467778,-0.42114847326344046,0.17407389421547337,0.07395796965537263,-0.09520763321487447,1.22723365044478,-0.6861947784776848,-1.2946786549619487,-0.8264021142356344,0.9554533012424827,0.7777283753465467,1.0568682924793695,2.1448082939622464,-1.4187009713156975,1.0046729981491456,0.086809781093602
IRN,Iran,2018,0.025185536316546808,-2.7597102525178308,-0.017440699874494807,2.734853146323103,1.0452599772247064,1.2502010972415254,0.0355298171795653,0.6249187732269529,-0.055985987237948266,0.49764940206099095,-0.49214213938375545,-0.10301932438258228,-0.8264021142356344,0.9200501360570956,0.475851852346085,0.4463999807133813,-0.6077084292992257,0.4192682458614141,1.0261083417964398,-0.4973079540254158
IRQ,Iraq,2018,-0.028792927959692387,-0.7528032875663667,0.1084832836071598,1.8003278480815932,1.1864635327242936,0.8070047238075214,0.866893188865287,0.39328284932986995,0.1986710845627491,-0.2216287147363328,0.8669757136167652,0.49568892441192564,-0.7698504361657477,0.41441763901452694,-0.7030701886588449,-0.871680385137402,-0.30727669986163875,-0.6838300655608683,2.028022502479606,-1.056215862070352
ISL,Iceland,2018,1.325347478318969,-0.1290230009203332,1.2836286422211056,-0.123636860936079,-0.9172017441073088,-1.9549268380180953,1.1388353113264922,1.5205073846437211,0.43531052949903126,1.3129587400167773,-0.7199538467693698,-1.4639590271189529,-0.8264021142356344,1.2284226720201457,1.434899534983762,1.4933210730126696,0.29658310058155857,-0.3579549396914124,-0.5936162420941342,0.9236580898186025
ISR,Israel,2018,0.9525131014160382,-0.06272018517222716,1.0668324541652254,-0.9043878094089621,-0.4796027881720797,-0.0741065563251128,0.5478036735533501,1.4167443646118072,-0.011766071681666187,1.305310404887684,0.5421724535082678,-1.2302400422880626,-0.8264021142356344,0.8281264089580791,1.3131749867046603,0.9381516180004019,-0.5296394209165908,-1.185949391683721,-0.7441858489723876,1.407179224059567
ITA,Italy,2018,1.058620835237722,-0.45785630888373624,0.5854850314033572,-0.7535751484539017,0.8379696592889309,1.0383316823962565,-1.131434707967449,0.37464109529912565,-1.1308831472858396,1.3763761854622298,-1.2096641632773732,-1.3401270726351926,-0.8264021142356344,0.632045091943543,0.4901758606876773,0.5985346363754864,-0.5160642379140793,-0.9951704430820579,-0.4703894581199481,1.0296863178344349
JPN,Japan,2018,0.9988205267335384,-0.4866147779137826,0.6175217322261115,-1.3943473407236517,-1.0193448596670351,1.4758039195406054,-1.0671704546528977,1.4163735387826266,-1.01062806119818,1.4893484689316536,-1.0670143624747037,-1.51824881552198,-0.8264021142356344,1.0751855058169995,1.1279875593536208,1.120322655862796,-1.5178808183308066,-1.3732806099390222,0.41369980276704105,1.309565033182165
KAZ,Kazakhstan,2018,0.6839784821261893,0.12438495539435943,-1.620103362113132,0.9152349760418056,-0.2112168363623004,0.367081358791955,0.20775152959908957,-0.15385722003944372,0.4760484264318712,0.07274614396382556,0.3527556381557591,-0.3732072309709806,-0.8264021142356344,1.7824277835670235,0.9951357494097024,0.7626652327708623,-0.3776044734977483,-0.3108128519678791,0.7528126157085658,0.012725010971715427
KEN,Kenya,2018,-0.9658638628734708,0.4954463780884042,-0.5746780602431414,0.12543977768663298,-0.3684057874746508,0.9356451174400515,0.6297630622708846,-1.4159495329123373,-0.18137339337930622,-1.304922968390577,0.8595485174184762,0.9702862081911424,1.359396465767798,-1.2412785583155341,-0.3755039697069526,-1.3959733002478985,-1.5959968581000519,1.168195216007278,-0.9668515766459247,0.06627085815685022
KGZ,Kyrgyzstan,2018,-0.8146682988465761,-0.2628600476120822,0.32289772369867487,-0.041959041227077734,-0.29003419773704686,-0.2612182805199053,0.727394670145673,-1.2491943451814207,0.035581182160378325,-0.18452154213498048,0.6957081507448679,0.18457083934786367,-0.8264021142356344,-0.4056833956246354,0.8556813275225056,0.1774758923657839,0.5094831292703915,0.6086288275322193,0.23221442409247212,-0.5269896686501818
KHM,Cambodia,2018,-0.8000941818597498,1.9934150425628987,-2.927738151170906,0.040983431755342054,-2.7524648906210216,0.27888099546915407,0.0107065209766095,-1.122277361729432,3.392372997386288,-0.36835883738181846,0.25470618439387893,0.4064742981140023,0.9599302952488407,-0.8640794606682047,-1.3708943105477374,0.25742019314523207,0.8727233338898716,0.9557567788336523,1.0063170474641452,-1.4330675159314425
KOR,South Korea,2018,1.049215361333351,0.19098137545935032,-0.021879088394047078,-0.9790715435977636,-0.509099586461143,0.9514296843724946,-0.6264454737646874,0.9342229607895364,-0.8267004311874789,1.282365399500378,-1.6870041519841548,-1.3401270726351926,-0.8264021142356344,1.464825953954084,1.05893198811585,1.3847387464566911,-0.05313267083867436,-1.097139550478076,0.866933295581528,0.006134533717617448
KWT,Kuwait,2018,1.0984058997695951,-1.34063431081832,1.1306709122992646,1.1611060411583956,-1.1421725167188577,-0.4938831581283688,2.1628006280894305,1.809520607984464,1.0643884397455703,0.9530440228728329,-0.28990980863249627,-0.5024283801617434,-0.8264021142356344,2.1215148684794665,-0.5394256663776933,1.5146842105571674,0.5874692448149381,-1.7285835385324302,2.3065071029992636,-0.3387426569480844
LBN,Lebanon,2018,0.07696908568921333,-0.4716781513426989,0.013363392013232422,0.3730215145177339,0.866752201414343,-0.30438976886284197,-3.247176287776399,1.305189227798617,-2.3660830955281047,0.7121915760448626,-0.07258465312240973,-0.09648441842565544,-0.6707299766772957,0.34904919958923275,0.4292854477967144,0.8351995134670522,-0.23396895909483206,-0.5724067291187114,-1.5442466009094882,2.0565552779338208
LBY,Libya,2018,0.0821246086847229,1.5224880785038544,2.340546312554639,-0.007639095416194471,1.677241671511859,-0.2256860038454097,0.3092771888806781,1.236813882253272,-0.15378767333842847,0.044262469220534145,0.13463670868553643,-0.24383307241453225,1.2659410704680387,1.0952984778328794,-0.3635331298017257,-0.37850038123674123,-0.36965234339394487,-0.4686301714889116,1.7973211334790116,-0.22079470006207214
LKA,Sri Lanka,2018,-0.010388125856968489,-0.36264272207010656,-1.5315354633900355,0.14187908477708286,-0.3584980410425699,0.4458056704637632,-0.1758789890210149,-1.9834085153918377,-0.007855266210506624,0.4798797701110485,-0.37466419008871454,-0.639958209814635,-0.626758491236243,-0.8343301411009744,0.5123178290116641,-1.0748806241988926,-0.8629900137745177,0.1900299390540732,0.4675803146896309,-0.159752269695103
LSO,Lesotho,2018,-1.4678945232678133,-1.8812285550167238,2.5510516594734156,1.2070863125816682,1.4914643072290275,-0.8921152147583824,-0.007375957114228372,-1.1256314112882468,1.0901614006731892,-2.3746286799654537,0.48618399654315436,1.4056808364686266,1.5404357418082884,-0.7829411089959728,-0.5499215744179383,-0.6219671430458188,1.2726489472106517,-0.3403616151999231,0.5606016886474469,-0.27436191756875095
LTU,Lithuania,2018,0.8951261935202988,1.3643213432157704,0.15901206603419668,-0.008669845083018629,0.09811671927383567,-0.7431762446127422,-1.6185406794873014,0.26493160819804756,-1.3881594134451622,0.37476296418048305,-0.9307066895404571,-1.1314726948999254,-0.8264021142356344,0.44746297624092407,1.3282902628864972,0.7924140954449829,1.3109249413480457,-0.663971116608879,0.044741268112780154,0.555911822375483
LUX,Luxembourg,2018,1.9280048219659274,-0.9818844266080187,0.2591802957409973,-0.4771063743326266,-0.02745598933797845,-1.6375413853970382,0.5495453805814933,1.4649494026792154,0.32492546552157064,1.2390248337688066,-1.1181225077436787,-1.5465686186250978,-0.8264021142356344,1.6711277063973942,1.091584010737622,1.4224738781991062,3.12937487021257,-1.8994270316871609,-2.121139180283418,2.2843054207824185
LVA,Latvia,2018,0.7473786078699971,1.1093797671863275,0.4832987876633079,0.02423070376980451,0.34985589475626977,-0.9649425138353209,-1.5801379833166327,0.3058134755881244,-1.3631942669352506,0.25748849220094067,-0.847017580503653,-1.1314726948999254,-0.8264021142356344,0.2947019868050957,1.2934372671078531,0.9324834908214672,1.0328096613656172,-0.4684179831277854,-0.6810685880627725,0.7537908251549871
MAR,Morocco,2018,-0.48751455953564454,-0.12170119324032042,0.4523231395776578,-0.8080997653818907,0.6584347917826908,0.739121930387293,-0.09942824462307012,0.002737347095935308,-0.17651760753881338,0.14813642069262753,-0.06617816694817949,0.22757378691343533,-0.19466289225990574,-0.4155034196204227,-0.9816499781817563,0.2502929840308004,0.014072824594914492,0.576756517131237,0.010033747618988354,-0.21351517368115944
MDA,Moldova,2018,-0.06382635484408691,1.4140406061324102,-0.18110041566413354,-0.09776675418447817,-1.6947935420794509,-0.7668087639568341,-2.349179168945289,-0.9960260117089458,-1.4498088623643643,-0.33660868617713974,-0.6088395985615911,-0.009308741896372045,-0.8264021142356344,-0.43330561175606097,0.8628989941414494,0.5314982015048102,0.26269780793757447,0.47029132816032027,-0.330594598661071,-0.1316162981665572
MDG,Madagascar,2018,-1.9354648180814735,-0.6474793857610159,-0.31318202383662486,0.7970220647124946,-1.0942001381067534,0.5845982515728144,1.0800110232740663,-1.4853377011541988,0.7811386014719071,-1.217904035459239,1.3054679498830561,1.3495096902432395,1.6458617178670962,-1.4356360951788376,-1.2006094427189558,-1.8230284919629693,-0.24619782522080452,1.3387328786760957,-0.4098775307959236,-0.6245779981556134
MDV,Maldives,2018,0.3049297747860934,1.126332708130968,-0.14332854144082277,-0.058486767005749916,-0.18192208088315753,-1.7837467901653616,1.5342313601885136,-1.025808417212037,1.12798083442201,0.8650626744377546,-0.7199538467693698,-0.5955430707124898,-0.8264021142356344,0.2003712038137728,-0.6230502529871078,0.47315705762205335,1.245323644873191,-0.17453155721756924,-1.68579875791411,1.243799083797002
MEX,Mexico,2018,0.342981237188476,-0.4677536148876778,-0.8232162645516713,0.31641595022935515,-0.695732743167864,1.465426690278086,-0.22293190390892323,0.7764788195942454,-0.3013694306559409,0.19452038644431743,-0.3776987452411552,-0.009308741896372045,-0.5858220176564284,0.22220929544544665,-0.013553918683014761,-0.04565712527353082,0.0894135986560945,-0.5559807599516956,0.6360014353863277,0.3747640674084134
MKD,North Macedonia,2018,0.2936520659735582,0.44933353365409,-0.180612161588573,0.06470447921051908,1.849468435959327,-0.9765905916250378,-1.3662887867904259,-0.06362586933919856,-0.8995384276804526,0.5012791744410131,-1.0670143624747037,-0.5530596471144408,-0.7182227990126332,0.14862163469310238,0.833813058529191,0.7722525940025904,1.1096109668291876,0.2948176920615096,-0.11609858605737289,-0.09480510828681604
MLI,Mali,2018,-1.4629340081985747,-0.22640213665811362,-0.4855416953107884,-0.5985684627419516,-1.45204714426156,0.4117968605749548,1.490598326476519,-1.5896247717356955,1.8224213495092112,-1.8212875674065676,2.2412187618438906,1.729189737321746,1.4959569083028326,-1.3163672687612766,-2.184696923785021,-1.3269305088378454,-0.8277086979155992,1.6548891607876615,-0.20899331295558998,-1.672000163803019
MLT,Malta,2018,1.1286777047555347,0.47415891757407996,0.1339370783579464,-0.4904481284572545,-0.46739884979250057,-1.7705831227931346,1.8109996443088445,1.5614837597829219,0.9177158795227726,1.2329699017916058,-1.317742935772019,-0.80007087505636,-0.8264021142356344,0.07613628263623588,0.8813506344114383,0.8627455128457248,2.1954714945298144,-1.6049307720043078,-2.0003910583115303,2.0689913535066973
MNE,Montenegro,2018,0.40382094496516246,0.929625781671663,0.6667341680273643,-0.075565768438519,1.3612432367811993,-1.6200768339060339,-0.9101174188428526,0.168031753062478,-0.8884487135753165,0.6628502540432488,-0.6197715806616206,-1.3171386049882567,-0.8264021142356344,0.25635747501948947,1.0259376875670698,0.4942406665914487,0.7439476819877396,-0.38703942221370796,-1.151722746484295,0.5822383292739758
MNG,Mongolia,2018,0.017395642677681768,1.3503697270985393,-0.5005476545225274,0.7509220406909851,-0.07797453347642468,-0.6678235381705593,0.49918469568811175,0.29886991071459634,-0.07389154686738883,-0.25937962221105193,0.3963078164181696,0.04851670187966049,-0.19466289225990574,1.5696175108375063,0.5935204225665058,-0.3919454906010462,1.0030791306190807,0.5874178494656545,1.0843684405429939,-1.473167835938895
MOZ,Mozambique,2018,-2.012549198579544,-0.6846033874115816,0.9743970854085103,0.03629098583968454,-0.3901919197317533,0.6160426900068239,1.376937492690518,-1.340902705403047,1.1195368814439297,-1.5708141523474448,1.7528359844780679,1.425082193447605,1.6935667897218423,-1.3281287522636913,-1.736732122176562,-1.7084828534670293,0.9750065958122012,1.4043397568397598,0.01959651820760949,-1.5114519911341082
MRT,Mauritania,2018,-0.785139186201916,-0.20279051487782782,-0.43924453911977407,0.1937322115479389,0.8208723933984629,-0.4919755951344933,1.3711688942463116,-0.2999919191238054,1.4270797586594772,-0.7046752538461802,1.7396732003548088,0.9919013553181257,1.5766654498029231,-0.7640189566952007,-1.3639279860220044,-1.2699883844045983,0.30135845603881084,1.3249613294455385,-0.16150844304462345,-1.128418612724875
MUS,Mauritius,2018,0.4648729914521682,0.7008685186152622,-0.1686895421969348,-0.5107775510081244,0.15727160023882586,-1.2101028051756597,-0.9244965046420502,-1.0420210945740582,-1.1009000033599778,0.2095907934549436,-1.0670143624747037,-0.009308741896372045,-0.7182227990126332,0.1462726813605596,0.24453839959345244,0.024715768008840008,0.9576581928017867,-0.7688924683748606,-0.9630912190223149,1.1458660756227939
MWI,Malawi,2018,-1.956749928028033,-0.24096037781597782,1.044605133199129,0.4794296658392134,-0.1667105739750678,0.3544862558529664,1.133356059694477,-2.1386481884573874,0.5771745256665196,-1.0907727715820734,1.1710461182687475,1.1366813010842403,1.7954883491682545,-1.4770437495018145,-1.1410684597864047,-1.7848550913932018,-1.1286605203119306,1.232774290276755,-0.8115697619430965,-0.17189509237736006
MYS,Malaysia,2018,0.6312081323434496,0.3229339040128566,-0.6585792016070905,-0.9505811499399658,-0.6867255518468329,0.6894213999878233,0.370950656604288,0.6136369079170895,0.11377602720810859,0.3817548172109951,-0.5784357742435394,-0.5740704525518262,-0.8264021142356344,0.9544851873883571,0.48669034584067655,0.8461390584494315,1.0666027139261445,0.17995794701893045,1.1062806192246095,-0.22109047374976254
NAM,Namibia,2018,-0.2536632886752466,-1.5084300390093839,1.4068968644302893,0.16875401790362038,1.7539972213754471,-0.7954701188971158,1.213013599726436,-0.6623425833825157,1.1090172327938717,-1.337065096770621,0.8091106360850022,1.0699358046988157,1.4791403791646112,-0.5628165634570456,-0.5642088639953934,-0.548538217021464,0.12660907256565937,0.21188891296465484,0.17354852573509172,0.2396092060317381
NER,Niger,2018,-1.9976073142511375,0.3975633024938912,-0.2206311329328637,-0.8485762967467706,-2.2769210927764756,0.45957919282008813,1.7465536794565253,-2.1093698484456347,1.2313149985493732,-1.7047396872642941,2.484607877853084,1.9583859769875014,1.7983409677646482,-1.487597241463623,-2.3766216600533085,-1.7142315503860024,-1.384966614965846,1.8097371865869538,-0.7158576501501355,-1.820381080275521
NIC,Nicaragua,2018,-0.6648384509953389,-2.630065854390929,-0.083422948805353,-0.23784337037598832,-0.1214562977172738,-0.2652124413642113,0.06976824971385483,-0.14776500051688415,-0.1533966735400693,0.1393822637761124,-0.07258465312240973,-0.05816716232620105,0.811231913093679,-0.893885640088269,0.15473365134474187,-0.8722291805958787,0.4075214302835058,0.8808718713400543,-0.015510812497578363,-0.40892547109056465
NLD,Netherlands,2018,1.3260803357446236,-0.2178256065809325,1.2769505864150457,-0.27160477834741276,-0.5065399687505951,0.3121959042963636,-0.5081523219098261,1.461907714014992,0.14332142939549844,1.175926068953729,-0.858834233782955,-1.1697899509993799,-0.8264021142356344,1.0882381464087294,1.0289637565713483,1.2346263267515079,1.5235307143665782,-1.0326171337837802,-0.9652269663705418,1.419905538669685
NOR,Norway,2018,1.5912572632101623,-0.684797196246311,1.0746522427294511,0.5100104991131172,-0.516482201137143,-0.37385613208945145,-0.4482584275639296,0.9747897611407969,-0.4797282152517892,1.2995741535408585,-0.8945598930067463,-1.51824881552198,-0.8264021142356344,1.0037529128297173,1.2303938553247207,1.4017740923692745,-0.2363509031938339,-1.072082862814287,0.6152731866997863,0.058196830671320185
NPL,Nepal,2018,-1.0879702894186565,1.9659402438168754,-1.7023477772845528,0.1541585953794199,0.8453156669438541,0.5968671669026172,-0.7754921923066938,0.20211795098099342,-0.684505893582928,-0.4933995563236958,-0.28794352595448414,0.691414112885673,0.3366074346025203,-1.1100215364632613,-1.488626200647018,-1.0652945877607112,-0.9181698958894647,1.2656636689654428,-1.657542006273801,-0.35400620890719126
NZL,New Zealand,2018,1.0148313396099746,-0.2850716849728196,0.4871774832273071,-0.4666455952945921,-0.35356789663552396,-0.4208417090904713,0.44133216552398125,1.0479711362405877,-0.29485646792631093,1.1622228018474219,-0.7199538467693698,-0.9440019352350901,-0.8264021142356344,0.8610402779697376,1.279598229378024,1.1295398380119384,-0.632851918749189,-0.08280465088311911,-0.5429012003807082,0.9644240368742718
OMN,Oman,2018,0.8426317613855087,-0.8727875932751088,0.9527371072762122,1.208074479780767,-1.3494074766251571,-0.458014508625098,0.07398166454657346,0.8206000332931663,0.11885158275477463,0.9213767286320589,0.32471504547894164,-0.32266329828713897,-0.8264021142356344,1.64722977082161,0.6199523972532649,1.0023557231355436,0.30434085885865253,-0.9982400766726741,2.014396194440348,-0.7415527465269934
PAK,Pakistan,2018,-0.9249269539326186,0.8473374622783275,-0.8862818399680895,0.04647479212835868,-0.4283130760569779,1.8150650715035732,0.3095821314952125,-1.1642415969200188,0.28743598072217513,-0.827233450677405,1.0679531071981683,1.3930019516970098,0.3769865163844915,-0.8392708671653276,-1.292769235320793,-1.5471406999073798,-2.028164118802093,1.2336606924555402,-0.7839445523905654,-0.22665897589045922
PAN,Panama,2018,0.6935476546738522,-0.014394959638849096,-0.8896628609837599,-0.914498826349094,-0.1312038308235823,-0.5152588620157076,0.34843332717737124,0.19739326608161387,-0.08801658740115452,0.712583553220229,-0.022604890521585996,0.042885765265881455,0.34490608071972395,-0.24010935642630296,0.43851126793170914,0.1413385727067247,0.23225920800799194,-0.793522919040879,0.3118939544062514,0.9956283840208332
PER,Peru,2018,0.026301801040069663,-0.04973426699314399,-0.41994135807775684,-0.3436643524598389,-0.6192471358855713,0.6711881779707857,0.45808005978160415,0.9954893463591972,0.25197824489442416,0.4188619898123474,-0.28990980863249627,-0.015284080388397665,0.216611499316669,-0.40822484506873546,0.2416937717184959,-0.10398857713838737,-0.9106238175593431,0.09768998867644273,0.6012807429646398,-0.16915957104407092
PHL,Philippines,2018,-0.4468626451295218,1.0743760440526418,-0.6421648377227888,0.024313539315443385,-1.0779176465233002,1.3900526087734197,0.0053410231496206165,-0.39033564572964724,0.23959664903341157,-0.3986717389434858,-0.04431413327659138,0.5442006882966802,0.31099150595867964,-0.6281690561215257,-0.1227261236137815,-0.5020507198571519,-0.12254829708608359,0.4212129234897649,0.5115491193792484,0.42378510515614604
POL,Poland,2018,0.7914161373814614,1.5388944750671396,0.37056171529053983,-0.6918805580928578,-0.505581204510729,0.7728554746772646,-0.967543220250042,-0.0685483224749934,-1.0744046951917474,0.6258833009192774,-1.0167440934951932,-1.0766752604486334,-0.8264021142356344,1.0527474944850923,1.2626845333245387,0.7131657376734499,0.5807434014449838,-0.8031063710003093,0.3609898932800003,0.10496080501044447
PRT,Portugal,2018,0.8528768183643372,0.3372011890344275,0.28921149007981917,-0.47300254863713703,0.26570404709944184,0.011274474683444525,-1.0932993798935244,-0.018244021410903394,-1.0828465731578445,1.11218994287789,-1.0670143624747037,-1.2727234658861117,-0.8264021142356344,0.48388948879012406,0.05102682226194603,0.6084835311017744,0.24630501443936856,-0.9725709004282388,-0.6761760448156663,0.929888212607805
PRY,Paraguay,2018,0.03812829568977592,-0.17324539212814433,-0.7611933303479179,-0.438905652237836,0.11317267603443025,-0.26273078811377587,0.12577052954628387,0.11347115552435016,0.5172926568615851,0.10645618104533446,0.1174626636179265,0.22757378691343533,-0.626758491236243,-0.6054054645891148,-0.11811321354628414,0.25718555747914196,-0.12516393423613528,0.45112624420551745,0.7575300138431428,-0.6113033123040164
PSE,Palestine,2018,-0.7583078236210942,-1.3556277435983988,1.0080089964462504,-1.539508485529311,2.165861509476227,-0.46167639011565154,1.0246970423700852,1.1294625431462915,0.410733745749423,0.3355015105177613,0.9514480439604885,0.042885765265881455,-0.8264021142356344,-1.0286561989390028,0.16788721063854095,0.23561697350822755,-0.14381305982229217,0.16050630082454384,-0.6892540542040845,0.4419489247662744
QAT,Qatar,2018,1.8070054188380904,-0.9070833599354596,0.17691473543770656,1.2797238656998817,-2.778682446938442,-0.7946999740020493,0.10383997235170629,1.7660590090249688,-0.2667051967120011,1.293755045230128,-0.6683407674494527,-0.7353475574998225,-0.8264021142356344,2.6236264405593825,0.29643363785279603,1.5166464628739464,0.3611077523390065,-1.913021518144683,2.3177623531713336,-1.1604914024011352
ROU,Romania,2018,0.7499042185605329,1.4505200633715087,0.25324370286145026,0.48427597591877025,-0.39702635725378754,0.38351375144136163,-1.429419006891599,-0.39335954599852213,-1.512546855296239,0.33269712097043075,-0.6638934603155989,-0.6746469945271875,-0.7182227990126332,0.29623720173360896,0.6891460482657225,0.46386828016061993,0.25451630718890095,-0.28893917189564067,0.3832747546449295,0.13820430183019472
RUS,Russia,2018,0.7922960126728478,0.18557416766990423,0.40825752342294713,1.0124081674550018,-0.20568158470410833,1.5555431751951057,-0.9106548848077043,0.612735646421554,-0.8988083479527879,-0.01960431591375904,-0.8718853639678076,-0.786778631945331,-0.8264021142356344,1.3521948885517987,1.0507702125697589,0.8339175100420727,-0.7933927207557625,-0.5318756917214885,0.6776305148518832,-0.17954079185008442
RWA,Rwanda,2018,-1.5557116450496655,1.2898366582443597,-0.2495016384571596,-0.8255787375577294,0.8672777534938784,0.1244875894341761,0.8542703768216471,-1.8791429691134527,3.408635578299558,-0.8438271511012481,1.1868838294818687,0.9702862081911424,1.6319000495846774,-1.4624090384447381,-1.4281796727154834,-1.408088522174811,-0.9373295312911049,1.3077197345136071,-0.9300420576757354,-0.4247063244499889
SAU,Saudi Arabia,2018,1.2514020056478878,1.4051127689312695,1.1535048111729427,1.6058739336376557,0.07239970116301443,0.639233944568412,-2.975792826192616,1.0324120909321794,-2.210188923463328,0.7758225375126725,0.20991594864935376,-0.639958209814635,-0.7698504361657477,2.012928651104509,0.4948914848860111,1.286158058057058,-0.5218699297041163,-0.8036359776273765,1.7616108907309675,-0.882433942487374
SEN,Senegal,2018,-1.1669753408374517,0.4004215977502403,-0.27725918496175556,-1.8999487392902557,-0.6327171884739186,0.2658394660060287,1.235029132936253,-0.5929075814655309,1.4866358312361458,-0.7099016161843977,1.333397564428979,1.0580214521853266,1.2831406377824714,-0.9575258362161183,-1.8376984521409914,-0.821827894994439,-0.43305484603162275,0.8585663649741268,-0.12011101587296037,-0.2987401254255098
SGP,Singapore,2018,1.8503110067397839,0.18073761768198646,-1.153992953915398,0.03074652833659494,-0.5781876728005639,-0.33905391153747283,-0.5979876246411412,1.809520607984464,-0.751642506472766,1.3700025728546559,-1.4440663337681785,-1.51824881552198,-0.8264021142356344,1.0701166602409855,0.7952429798181578,1.0992204543438868,2.916326764985386,-2.0936914631251566,0.01153351403255694,1.3451791227625527
SLB,Solomon Islands,2018,-1.5191120575400412,-1.104198089332904,1.5642758860289816,0.7365894886535305,-2.100351205185928,-1.5478170232580069,1.6749700611210565,-1.6556911039266333,2.569048436350216,-0.39279208131298976,1.1149609424018128,0.3868163955037303,1.286521521717136,-1.1786290787587985,-0.9694566422476073,-1.3465749972975705,0.28662259876868207,1.7011575543247692,-0.9244437983341569,-0.6801109046233764
SLE,Sierra Leone,2018,-1.4928324344489325,-0.6611931051009986,-2.2478290285451594,1.6196103939816473,-0.7260189386695259,-0.1685296201788969,0.8786527118397622,-0.9078602230178396,0.824402421402744,-1.7969849825338515,1.333397564428979,1.879789525085981,1.734559850352885,-1.4293694912572965,-1.681416134327565,-1.5804883679236899,-1.4328422713523408,1.732013275191133,-0.9377147097141518,-1.08173647041976
SLV,El Salvador,2018,-0.3292242491508048,0.029728905213219817,0.14790969382140043,-0.5173981088455571,-0.4518925066264167,-0.2818692379009714,-0.8880157167738645,0.4817266347987801,-0.45564030847805426,-0.1866120870702686,-0.5665734084586457,-0.185050544999864,-0.0038533310824820886,-0.7567776369279691,-0.6163074085777783,-0.5129521874374806,-0.028441939655458506,-0.17299213077872017,-0.007184132589275096,0.4546524497193737
SRB,Serbia,2018,0.27855479915944925,1.1465880958391905,0.4523047288055759,-0.42657093116482037,1.1069931004933875,-0.21442786549523285,-1.3970634662024959,-0.031405519433927574,-1.08803891885946,0.4021694983930823,-0.9795749386314663,-0.8693882234514759,-0.8264021142356344,0.7211338388618055,0.7045224151573799,0.561234305591573,0.6411127061187698,-0.16044045573259672,0.06822569918282959,-0.2632652347676714
STP,Sao Tome and Principe,2018,-0.85688910241556,0.2104476956821547,-0.22639674188405626,0.8788533896282194,0.5718380405474375,-2.2567259187337894,0.2456129768600366,0.29485197528706475,-0.09654300546640589,-0.6807646461488296,1.1440560700122346,0.14468918772133604,1.1916763300060824,-0.9914212984350712,-0.9829301222309543,-0.7239396642058196,0.06393973554101363,0.6206930225734223,-2.781372448806105,2.5302158614921577
SVK,Slovakia,2018,0.7893607350910826,0.6464948353493353,0.6058873009740215,-0.393457490767406,0.18162454474107229,-0.3592405120286495,-0.8584563034735384,-0.3772064052036516,-1.0432079953630538,0.5819053739269443,-0.9186103514428812,-0.8551257103253453,-0.8264021142356344,0.7691289459159012,1.1981037923795779,0.8188080593580246,1.8126038019174353,-0.9394558711218803,0.3364661838003008,0.35225466442700376
SVN,Slovenia,2018,0.9441111508049126,0.6783965634596537,0.5149406405268794,-0.37188783185911467,-0.14454984807273497,-0.9221670346439768,-0.6822319030845834,-0.2971317791390222,-0.8574135685993362,1.1192009167462367,-0.847017580503653,-1.5465686186250978,-0.8264021142356344,0.8264583236555557,1.1612005118396007,0.7934095410783949,1.511827153106546,-0.9459098220819477,0.28821558584803386,0.11226670372235335
SWE,Sweden,2018,1.2333977006416532,-0.6274052118351582,1.5177081631997698,-0.24959118605246852,0.14453020354362592,0.005084805364932861,-0.05381183066237052,1.2206060803268808,-0.25370805613589353,1.2734423418497653,-0.6638934603155989,-1.4639590271189529,-0.8264021142356344,0.304792651943987,1.0996947367456336,1.1385140639435951,0.32959031047587517,-1.2524770425720997,-0.3159679434540428,0.9089803203412574
SWZ,Eswatini,2018,-0.3933330719915525,-1.182615845869973,1.2174321031388509,-0.0780011989346633,2.177998788319379,-1.2564151798092382,-0.24187251776191018,-1.7608507235638116,0.028841353325309706,-1.8429769711101742,0.4516302822504652,1.106733675114261,1.1291613502317122,-0.8567383594139201,-0.33075975689244486,-0.673531170535515,0.21733034202334087,0.16381432244334437,0.7924424025712857,-0.3256180767992546
SYR,Syria,2018,-0.9581625904045443,-1.0225278307255894,0.12289550559015043,1.357808812985712,1.191476986003876,0.38661514982306733,0.46429032656509855,0.5900261662125917,-0.3859017365917092,-0.7109468886520427,0.42136550626351443,0.6885021441190695,0.7804019384295063,-0.4653810266454938,-0.9157321083718972,-0.8774254780219429,-0.8293095296584199,1.8461522908783534,-0.7968816795300413,-1.2172661877438022
TCD,Chad,2018,-1.5644557231326661,0.006173039025773765,-1.6724124524507156,0.05237840645663053,-1.7682650069888413,0.27463893879624,1.6747350385890214,-1.7706918282911257,1.5902782421396384,-2.660902677041373,2.386765287341652,1.9235918348754264,1.8494347825469126,-1.4189988399664555,-2.0876742013900285,-1.8517902743910895,-0.989596519562533,1.8080358753836254,0.37414771789501194,-2.327892495473901
TGO,Togo,2018,-1.4863969790421472,0.26193064801931526,-0.39413871461898675,-1.0371404408179323,-0.8375505209391021,-0.1760132991597681,0.45652416111028976,-0.9637027242430257,0.4903002101274137,-1.5945941009863394,1.4577343509454963,1.3958337357025474,1.5065211670472443,-1.2995665935889757,-1.1938846194116233,-1.5413265743923494,-0.5742061762226525,1.1340488845586654,-0.46505763261343264,-0.4544447370571634
THA,Thailand,2018,0.29689151637212613,0.6424855973717285,0.1588305189215702,-0.6168878751408142,-2.062251571446594,1.1407425411075391,-0.729147438207169,-0.3256680953392295,4.50187942683624,0.5719944063221498,-1.1924556439044216,-0.3309077758882862,-0.7182227990126332,0.28792726032023686,-0.1857692278695763,-0.03991879124295423,0.9131952505664191,0.2638441192275716,0.8491955594002368,0.16466023238103145
TJK,Tajikistan,2018,-1.2899998985619114,1.0767920302789014,-0.8315959631447423,-0.2829334924304067,0.27768024738593333,-0.0468894989232068,0.9258912126448868,-1.6585499274240163,0.1733681907281319,-0.27114849789095397,0.6914264403941449,0.6345455917721101,-0.5115572771944714,-0.8567542287059323,0.7387077690855881,-0.9199413830224485,-0.6350042200664068,1.140416087084402,0.8229220801681092,-1.762784945831614
TLS,Timor-Leste,2018,-1.125744964846617,-1.7595948293520554,3.685562426861451,-2.6779499923231307,-0.5281089007371889,-1.2053398785332778,0.5420468714266126,-1.5168136120439266,-0.1985542874417318,-0.8634260098695683,0.6555110880162414,1.2077646289364137,0.811231913093679,-1.1226994326573634,-1.029212063992829,-1.101632906296824,-0.33736958970744674,1.0313864755164088,-1.0903459144515733,1.2538452977682417
TON,Tonga,2018,-0.6855619629410789,-0.7301337934544309,0.6074114570492205,0.44153069543893414,-1.1201388002047012,-2.658198973079198,-0.8100386700364756,-1.8246123966291052,-1.499422131442476,-0.08404472618273053,0.7141934515693353,-0.30638017472426515,-0.41512772265905823,-0.6426575019852244,0.5799664626788478,-0.3309735133192849,0.23163002754733622,1.0009678409268945,-1.2964431942475736,-0.44627994946454563
TUN,Tunisia,2018,-0.11177148208648177,-0.24060831364761034,0.511823350611785,0.7485572439204963,1.3866983188031472,0.0897445619468131,-0.1947958700519187,0.33084814793144623,-0.289276839871897,0.3341949199332078,-0.2751933299077432,0.10840515774160567,-0.7182227990126332,-0.08567143180944378,-0.41561208489269064,0.22801559762632795,0.608612158725682,0.4450450621341755,-0.15587163063637677,0.392753331242677
TUR,Turkey,2018,0.5809770960018489,-0.05924253326515093,-0.13741646364028112,1.680384979178747,0.8929424045775769,1.2174055267381623,0.09715309785907368,1.2531321445020136,-0.21597474892158214,0.6064883977543915,-0.4082106162014996,-0.2590984579619046,-0.8264021142356344,0.49318947894564397,-0.16116704084292466,0.47700396150955676,-0.39984434430204147,-0.02995301668030841,0.3902719366980128,-0.06701594591106194
TZA,Tanzania,2018,-1.3124234430185953,0.004041906428549285,-1.685993930170768,-0.14766360910463833,-1.3538273049190652,1.0140766693158645,1.5144260624666017,-1.3484961716595512,1.4799541834395877,-0.9569778957236791,1.6823170215164132,1.0520093421481245,1.6604007246162296,-1.322354971523278,-1.0409566252828784,-1.5416645291125486,-1.7002458301931476,1.4947796495285761,0.18694886597181498,-1.715635599239865
UGA,Uganda,2018,-1.5433676227570021,0.199877862323986,-1.5233929169312328,0.17172979968250238,-0.7051562712915866,0.8255321672183942,1.7045026527587488,-1.6165109513169755,2.142965601155439,-0.9194787459469603,1.6485312483336418,1.1495001421339999,1.5939831424462696,-1.433195640300947,-0.8962543108810268,-1.7656684636394089,-1.472331041683374,1.3071003240399666,0.11106737535478853,-1.1371001553009539
UKR,Ukraine,2018,0.11365079480195882,0.7159915216810052,0.8493785819320921,1.5650129537733974,0.5856140959050503,0.874511965673544,-1.3615160059652218,0.3669211380587392,-1.2146987543760788,0.09887795565491855,-1.3136204824538873,-0.522367129310379,-0.8264021142356344,0.5138742738292157,0.6670174573809315,0.1685059744217558,0.5160654832347716,0.46958165687174314,-0.19944087794546259,-0.3785044490416371
URY,Uruguay,2018,0.6105588210806481,-0.8612349703610308,0.2777058311596133,0.6895589064651009,0.5108454391055129,-0.6349083205783468,-0.8260262323831041,1.588282948691788,-0.8661161058273686,0.6160265090216412,-0.7529447471520391,-0.6286636932939614,-0.7182227990126332,-0.33542262505941306,-0.01970446543967754,0.8289072192710033,-0.9452932046897758,-0.05803271324689548,-0.8196213752991747,0.8930437709269339
USA,United States,2018,1.3388576350006147,0.05092852036846287,-0.26555138964481334,-0.3397703816408644,-0.48621429477618433,2.030763454021739,-0.5061864633860726,0.8824179981801843,-0.7694334925151901,0.76132256883042,-0.6979682223873365,-0.7736648135992774,-0.8264021142356344,1.69072951549152,1.3918460152144596,1.1113308216097937,-2.041023604749403,-1.435396530541668,-0.7935974826109798,1.9888047096957464
UZB,Uzbekistan,2018,-0.4741653022833526,0.6447142548656026,-0.5523631006744577,2.3814788391952426,-0.07434528378083297,0.679821944066462,0.39086471394931577,-0.5138609459365839,-0.2005386660334597,-0.10625676612015947,0.24563515584962745,0.04851670187966049,-0.8264021142356344,0.06699297005652284,0.8598237207631181,-0.0986953040430933,-0.44586152272241886,1.2942347066348376,0.43184859956149346,-1.6270502653110488
VNM,Vietnam,2018,-0.2758516709701511,1.5522679675643682,-1.2060636261883635,-0.001088032612606985,-1.7495669424236755,1.3149699261517258,-0.09606865369632685,-1.2962029655594711,0.4677390277366501,0.16825791569476836,-0.5333879040249864,0.2552255798723021,-0.8264021142356344,-0.08269928852695639,-0.1919200821535767,0.433585769897387,1.5371189036821382,0.660963644469748,0.9826225826382775,-1.2479440802525608
ZAF,South Africa,2018,-0.02285088117269453,-0.9081490659640252,0.653109089417567,0.07904873305641368,2.202267741429788,1.0258910246650266,0.35571133202993355,0.0877192826651837,-0.08670592410211689,-0.9258810398112789,-0.14395380040631295,0.756100152380662,0.8297176301714727,0.9233939612880095,0.5476834728624759,0.16294062054896616,-0.684199831445332,-0.8530845842805327,-0.1723308039373212,0.8477205706176316
ZMB,Zambia,2018,-1.2484226116265704,-0.4898461963440417,-0.49721885470016436,0.6731025246233293,-0.16389102315764473,0.33677217662654246,1.3966927529116282,-0.8650596713943126,1.0207212228823015,-1.3946857415494807,1.4459914684999924,1.18522495596764,1.6108096911142205,-1.1241617420992214,-0.5980557533355825,-1.5849326621984567,-0.04828730198320816,-0.5449718334573112,0.8295853827169026,-0.1021251620414988
ZWE,Zimbabwe,2018,-0.8982963307173424,0.470720401251361,-1.0406565230235485,-0.017501949331210527,0.23079564898634675,0.2326757440031546,0.20239042792334733,-1.2272078626992986,0.8183093765812162,-1.555657701566611,0.9970316485383471,1.2128930648488474,1.557760871185442,-0.935093376014756,-0.12311668333282956,-1.1961125482992783,-0.6818305969361871,0.15528498494426266,0.5520312271365897,0.06301575702399806
