country_code_3,country_name,gdp_per_capita_ppp,gdp_growth_annual_pct,general_government_final_consumption_expenditure_pct_gdp,inflation_gdp_deflator_annual_pct,unemployment_rate_pct,population_total,population_growth_annual_pct,urban_population_pct,urban_population_growth_annual_pct,life_expectancy_years,fertility_rate_births_per_woman,under_5_mortality_rate_per_1000,access_to_electricity_pct,co2_emissions_per_capita,mean_years_of_schooling_adults,internet_users_pct_population,trade_pct_gdp,agriculture_pct_gdp,industry_pct_gdp,services_pct_gdp
AFG,Afghanistan,1983.81261992909,0.10609280092082,21.2145146604881,2.92366213121669,14.008,41454761.0,2.13559384981397,25.4730529631167,2.44670630575554,66.035,4.84,54.9,85.3,0.2536818,2.51479,15.92840004,66.9995780621951,34.7432471445174,13.4498227120978,46.3743698691993
ALB,Albania,20501.6470726741,5.7396783820155,12.1218077852414,5.73390704564409,10.669,2411658.0,-1.64410790425763,58.2106086137857,-1.04746314949813,79.602,1.348,9.4,100.0,1.5710765,10.175311,83.13559161,82.3524933990723,16.2742388313006,23.160711973189,47.6649908239316
DZA,Algeria,15159.3242373415,2.55120301943617,17.9064173126831,1.00153139964416,11.645,46164219.0,1.49897601193923,74.732808364138,2.24199538087228,76.261,2.766,22.0,100.0,4.394023,7.416387,76.19760132,43.7397984507007,13.3692450434856,37.5476547378243,45.5476795606292
AND,Andorra,64631.2963909271,1.1232590791063,,6.29560082401824,,80856.0,1.43374756867515,88.8201609217082,1.50678365293572,84.041,1.082,2.6,100.0,5.1700654,11.61,94.21499634,,0.47849213558896,12.4282261796617,78.3110227448023
AGO,Angola,8597.53878787554,-1.75357049644875,16.9187607132023,19.3339813816209,14.051,36749906.0,3.08065530722915,69.8515032220457,4.23383280232427,64.617,5.124,50.5,51.1,0.5897924,5.956173,37.88589859,53.6070126498686,20.9093369427559,35.7012470046254,43.5544158271394
ATG,Antigua and Barbuda,28712.3970492192,3.33568914888815,,6.49046469953581,,93316.0,0.511400156215609,24.4500156687422,0.263319734348457,77.598,1.578,9.3,100.0,6.863025,11.6475,72.12409973,118.302584056113,2.21508602503399,19.2141808779566,68.7982099003617
ARG,Argentina,27230.3968496682,-2.13703473540124,16.3015627890885,136.742358437599,6.139,45538401.0,0.286976121920089,92.1945132257907,0.375605306735824,77.395,1.5,9.7,100.0,3.9177263,11.184582,89.22897166,26.6769512482215,5.8467786039042,25.1722105252735,53.1990739500308
ARM,Armenia,19402.7510915578,8.47902034166535,12.0992285468561,3.10027629995311,12.405,2964300.0,-0.165163937436499,65.6956882008852,0.0378521648946935,77.4658536585366,1.9,10.0,100.0,2.524371,11.344978,79.99663036,123.418750077627,8.10223799188799,22.8800961616671,60.3450320849135
AUS,Australia,60684.9596204883,1.09251403364293,21.2449452137028,6.45944110641071,3.668,26659922.0,2.43450716351535,87.4866955653765,2.60882132124518,83.0512195121951,1.499,3.7,100.0,14.529289,12.87,96.1160965,49.044339318428,2.57169831894523,27.5167800860919,63.6365823532904
AUT,Austria,64536.2076307547,-1.76308859891033,20.5750006645567,7.1747129124039,5.264,9131761.0,0.989464653969154,69.2265358276021,1.32001885479305,81.7926829268293,1.32,3.3,100.0,6.2328863,12.361465,95.33467117,115.152914822732,1.24176172038934,26.0904948643547,62.579986897047
AZE,Azerbaijan,21310.7386915022,1.23267992863603,13.81500937233,-9.32261504785629,5.64,10153958.0,0.120242150339289,58.5075350483702,0.23868561899995,74.429,1.55,18.7,100.0,4.142986,11.07,89.0,83.5358861156321,5.51058894617326,45.8408458162374,39.7566280403221
BHS,Bahamas,35221.2696932313,2.55756046187126,13.1128325682817,6.64011757419027,8.645,399440.0,0.477303918283875,81.3213799173676,0.478933439059898,74.552,1.373,12.7,100.0,7.4004436,12.814419,92.38729858,76.5494751592857,0.454447231080524,9.77716369922666,78.5584724286734
BHR,Bahrain,57819.9051831242,0.42885937985659,14.6137011761089,-4.28437217979031,1.049,1577059.0,3.37686417721007,100.0,3.37686417721007,81.284,1.824,8.6,100.0,24.71003,11.13,100.0,157.447854682297,0.251492806718451,43.4381277604186,51.944952554339
BGD,Bangladesh,8242.39798977242,4.4907040939439,5.66516962733289,6.89712404003441,3.352,171466990.0,1.22171475464107,32.1578465036834,2.73858385406151,74.672,2.163,30.6,99.5,0.60960233,6.79,44.50274195,30.9829714104596,11.0036900209598,34.5942721606063,51.1119129405073
BRB,Barbados,20865.0155437147,1.80770713344864,,3.0188031039614,6.54,282336.0,0.0063755857590991,59.4235740235775,0.123456437650967,76.178,1.708,10.1,100.0,4.6635275,9.928357,69.67510223,,1.6524151949563,12.2874215528647,75.500981507883
BLR,Belarus,27782.4380139967,4.69120797390816,17.8518963705848,8.04676215128896,3.461,9178298.0,-0.540824986374776,78.8146420666327,-0.106760349206221,74.1837804878049,1.208,2.4,100.0,6.1143074,12.335373,91.51249979,131.584674884961,7.2485995714987,31.6950575540559,48.8055640939767
BEL,Belgium,63042.0099876309,0.701377653356133,23.3660454602474,5.50779389634111,5.547,11779946.0,0.850263748167955,87.551492636772,0.921445914026051,82.4,1.47,3.7,100.0,7.2316356,12.689651,94.62625074,165.987440736442,0.775221747679926,19.4830082750909,70.3450349869946
BLZ,Belize,12371.0086545348,-1.54675916595728,15.8201811308365,6.6945920915479,8.278,411106.0,2.05772774277288,41.9459437504976,1.60228830740093,73.566,2.007,12.8,99.6,1.8643363,8.76229,70.18720245,106.400505850771,8.13711634166406,14.409549271611,62.1308414974872
BEN,Benin,3721.21254814808,3.70332512754182,9.5040595229118,3.38561739537163,1.641,14111034.0,2.52274772277722,51.7457922964593,4.04765888333214,60.774,4.556,77.2,57.0,0.4200842,3.1942,32.39400101,44.6631308180211,25.4019723667563,17.3021977561605,47.7222264116164
BTN,Bhutan,14610.2959097837,3.90421520589868,20.335396779113,4.40359361110151,3.126,786385.0,0.698146584889649,41.7352457989939,2.63058113288227,72.975,1.462,18.0,100.0,2.0723257,5.8357944,90.02140045,81.7366278539811,14.9931086909036,29.4044714589229,52.7907800840706
BOL,Bolivia,11616.1575595159,1.11808728662825,16.8530546961722,0.189137413602765,3.024,12244159.0,1.37334382280772,70.9151414044538,1.76880089460433,68.581,2.547,16.4,99.8,2.0107968,10.021223,77.30039978,49.6083255594597,9.31098009756551,29.7722060416097,53.7978016916653
BIH,Bosnia and Herzegovina,19804.9181465635,2.62616849156352,19.1261838157677,7.29122831094762,10.668,3185073.0,-0.617510129445164,51.5657239834305,0.443442388022525,77.85,1.486,6.0,100.0,6.242028,10.97,83.3771539,99.6330317954442,4.65322230628352,23.721885700131,55.9111157268349
BWA,Botswana,18932.4802712334,1.52893817984001,29.4343294062909,1.75130811655802,23.381,2480244.0,1.64031664035479,67.0212655349864,2.28742035043224,69.163,2.732,34.6,76.0,2.9225686,10.478,57.67975018,70.1128327324509,1.67651816572999,34.0669401658997,59.1865773950101
BRA,Brazil,19079.8122134028,2.83370012861097,19.042610794419,5.15950107377019,7.947,211140729.0,0.395928695574996,87.6159710235763,0.700463125537351,75.848,1.619,14.4,99.8,2.2922719,8.425372,84.15060238,33.6662298301438,6.02306023526246,22.1441739234284,59.1789358567535
BRN,Brunei,76616.7014884981,0.339025318690261,22.8682451787794,-12.8472517283232,5.296,458949.0,0.782881746925984,74.8199193881365,0.839896266159426,75.327,1.747,10.1,100.0,27.241413,9.282,98.97039795,136.86343465048,1.17312222164113,61.7411860091314,38.8386100018623
BGR,Bulgaria,33073.6803093453,1.97332517178712,18.4562141617699,7.99709199455781,4.319,6446596.0,-0.286577641861364,73.7322671584613,0.0562513687039865,75.7560975609756,1.81,5.9,100.0,5.076801,11.454531,80.38956462,119.899505851916,2.52244731680068,22.7029885584048,62.4320950245747
BFA,Burkina Faso,2486.20669812871,0.688770925071964,20.9021828808701,1.93326680445267,3.601,23025776.0,2.26973666268599,27.7872478365158,4.115235532906,61.092,4.186,77.4,21.7,0.273973,2.26655,25.36120033,63.1530435873964,19.0108450154804,25.7574137805107,47.5650783349721
BDI,Burundi,1033.00937341776,0.476410170270753,23.5702825975645,19.0522015163812,0.911,13689450.0,2.72764441044431,23.5534768372276,8.10558048567612,63.651,4.878,48.7,11.6,0.06579634,3.4739356,7.172299862,,34.0372399254206,17.3685971500712,43.7934582056073
CPV,Cabo Verde,9228.4604533114,4.2751322057766,22.55276028434,3.25900393210172,11.882,522331.0,0.497087597239901,75.9064245753376,1.65351450098911,76.059,1.522,11.6,98.6,1.094112,6.0900393,74.59919739,95.0324943346692,4.85483833304009,10.9776694022766,68.8870203755182
KHM,Cambodia,6695.29194763723,3.66847775428445,6.07786090254716,1.01760752524498,0.256,17423880.0,1.28320677599476,40.6290788072508,1.91148445847847,70.668,2.579,19.1,95.0,1.2288593,5.1971,68.92549896,134.206842395931,17.0784472455351,40.5173741615592,36.1518032053909
CMR,Cameroon,4875.25120768005,0.652417560279119,11.2406870791033,3.57281742916192,3.607,28372687.0,2.64245336134821,55.1286878511388,3.15677856255549,63.7,4.322,67.0,72.0,0.34169704,6.5741806,42.24380112,37.8903321242578,17.0996372773511,25.1308706019034,50.8743844860078
CAN,Canada,58088.3778077995,-0.844530120415982,20.7162347510337,1.54476766162554,5.415,40049088.0,2.78237404482922,82.5250564408346,2.99461306166032,81.6263414634146,1.27,5.4,100.0,13.880179,13.87,94.14530182,66.5745425015033,1.93275289413659,27.3506338523117,64.1108208953921
CAF,Central African Republic,1132.67643369804,-0.362884514707787,8.33527999694578,3.57480169810107,6.181,5152421.0,1.06107453184959,43.6983692134165,2.0342087482838,57.408,6.012,92.6,17.6,0.075552724,3.9894314,13.8416996,43.480570208358,28.6110555239693,20.7068173193684,40.5107724497781
TCD,Chad,2433.53330962707,-0.651125322486365,9.39022057991956,-3.74429551857961,1.059,19319064.0,4.57399213394625,26.3305395171046,6.7508424266823,55.069,6.12,100.6,12.0,0.14743946,2.3349848,12.03590012,46.8626488759728,35.191694250722,30.7971003752402,30.2993342727587
CHL,Chile,29600.4188613168,0.135205921667691,15.3080841632106,6.55832071048555,9.013,19658835.0,0.53962870957127,88.8158617217972,0.738359460708063,81.167,1.167,6.9,100.0,3.9475496,11.291054,94.45742345,60.6766444736157,3.39083152306151,28.9994589242547,57.4651419170878
CHN,China,22687.2519534328,5.52547619540933,17.1891419707315,-0.50679941802575,4.67,1410710000.0,-0.103794531589067,65.5301448035523,0.374239259681571,77.953,0.999,6.1,100.0,8.556261,8.036181,90.6,36.7391496938394,6.88951941080068,36.7725030223561,56.3379775668432
COL,Colombia,18406.6242338491,-0.282233597731121,14.6277721774194,6.99290653937781,9.591,52321152.0,1.12092864340999,78.275571579544,1.4140540184926,77.725,1.645,11.9,98.7,1.7199993,9.031582,77.33686322,40.1333165322581,8.79586693548387,24.7568044354839,56.7042590725806
COM,Comoros,3508.15862331545,1.22101405059583,9.30275094564225,8.13448091940927,3.833,850387.0,1.92327433672711,33.1502180946901,3.06268951968197,66.777,3.878,40.2,89.8,0.6375075,6.00684,31.92749977,44.4398634497089,34.1551138143977,10.3295767510686,50.8044143464761
COG,Congo,6172.28776650683,-0.528875412706213,13.0993020877754,-7.56770228699291,19.919,6182885.0,2.41919038084212,63.6626757615625,2.45135658716966,65.772,4.157,40.3,51.3,1.3382533,8.322645,43.15039825,96.2103944039618,8.95211587630601,45.2236339577947,40.4265379027812
COD,Democratic Republic of the Congo,1559.33806475859,5.05273224713814,16.8866147903097,11.2860274867788,4.469,105789731.0,3.25963514299902,44.3754734892194,4.10189264727641,61.895,6.051,91.3,22.1,0.05559222,7.378561,18.96789932,86.7400581798289,10.3773951595278,39.5009688150508,45.9224027196
CRI,Costa Rica,26378.5409941926,4.3041987782517,14.2783845759565,-1.11707693307311,8.325,5105525.0,0.46646444898736,78.8819393641702,1.02757476773701,80.799,1.33,10.1,100.0,1.6594821,8.844752,85.39514799,71.4380310340536,3.73326442310783,20.4903900780684,68.1448810802825
CIV,Cote d'Ivoire,6520.89886459765,3.96403768524576,9.26221456590428,3.90243671769379,2.263,31165654.0,2.50384681190665,53.4075201638704,3.55464259521521,61.944,4.283,66.5,72.4,0.45089495,4.87,40.65284979,48.8170039103332,15.9442578438607,23.9006374307143,52.2715206592214
HRV,Croatia,41320.257995772,3.65329698905039,21.0087641754856,12.870303820317,6.121,3859686.0,0.104856226330186,57.2431560672198,0.534464919585319,78.4731707317073,1.46,5.1,100.0,4.740115,12.095121,83.24117599,107.277801631602,2.68355517389438,21.1552547167429,59.8274947591746
CUB,Cuba,,-1.5743835905819,26.7223820119028,33.5551619344254,1.73,11019931.0,-0.361317873522215,77.1259872296321,-0.334880760287945,78.085,1.439,8.2,100.0,2.1298018,10.631489,69.55580139,120.533878427187,1.40578740133741,24.497265486032,73.2022454972474
CYP,Cyprus,51674.90234375,1.64038753278454,18.4416024400142,5.60068698105447,5.835,1344976.0,1.0167681770201,66.6739477522639,1.02356576272263,81.648,1.389,4.6,100.0,5.3443794,12.557372,91.22110357,190.740957956519,1.15495918435607,11.3336799309353,76.2218713773525
CZE,Czechia,47558.4106763314,-1.71985869478267,19.5951514787546,8.59789006156055,2.579,10864042.0,1.78238907045946,72.7352388396817,1.83530711139438,79.8268292682927,1.46,2.6,100.0,7.6997585,12.963182,85.99404818,131.892598295876,2.14121915412639,30.0237282227463,59.6975973460946
DNK,Denmark,68993.9031100362,-0.138322294600371,22.8417159136425,-2.12250636567327,5.094,5946952.0,0.741185515720057,88.552638542867,0.927250215861962,81.7536585365854,1.5,3.9,100.0,4.8470974,13.027321,98.77559197,129.625337431278,1.03787056976317,23.6155835404278,63.9079515293954
DJI,Djibouti,6510.67859061619,5.33919577490653,17.0952967214066,2.44653971370865,26.074,1152944.0,1.38410272350128,72.8408245988921,1.70010057052317,65.987,2.609,50.5,65.2,0.48359296,3.9504151,64.75869751,285.902043800644,2.50202235262172,14.432376023443,77.1152748633996
DMA,Dominica,18278.2253401989,4.14467889969342,,2.08922149000234,,66510.0,-0.473991407609536,73.1105011438027,0.113172229328706,71.132,1.484,35.4,100.0,2.4730878,10.12509,81.33650208,,12.1097217072814,12.7501207770175,58.3190086172998
DOM,Dominican Republic,23282.4895071054,1.28564825764879,11.2787393309517,5.7871768273554,5.555,11331265.0,0.891159203732232,72.3577991823338,0.804797911395779,73.72,2.243,31.5,99.6,2.8089135,9.444526,86.12689972,49.8436131764417,4.29425303998525,29.3086832346831,59.5911487632596
ECU,Ecuador,14321.1648295611,0.948258262430642,13.6055061758192,2.14029219720726,3.51,17980083.0,0.872456027022398,63.1307729554263,0.936770522896796,77.392,1.823,13.0,98.7,2.4805002,8.97,72.6943146,57.1626938264309,8.05137468415854,27.7143991387368,58.4091729108923
EGY,Egypt,16691.3873991962,2.02315842412948,6.78850660732221,24.7990758719001,6.753,114535772.0,1.68834126904494,42.7098115041919,1.86949008354605,71.633,2.75,22.9,100.0,2.1847339,10.13612,74.01190186,40.4504007720031,10.6003111645036,32.7344752545444,51.6487720818481
SLV,El Salvador,11404.3342262685,2.87505531109322,18.0392445441634,1.90061262165425,2.992,6309624.0,0.465531145369394,74.6080675149903,1.08611310637725,72.099,1.775,10.4,98.3,1.3740716,7.3,62.61989975,79.8122651787866,4.64483845432637,23.7996355178527,60.1351747914446
GNQ,Equatorial Guinea,15302.1517835147,-9.62995914700062,26.5626872861034,-3.74979666719064,8.218,1847549.0,2.41057232825781,71.1290664883517,2.74580976488991,63.707,4.081,70.4,66.9,3.7418964,8.281327,63.51950073,60.6886626813037,2.76906225778674,48.2938369793055,48.957690058444
ERI,Eritrea,,,,,5.909,3470390.0,1.77168715176453,34.696403503418,1.33879381403189,68.624,3.713,35.4,54.4,0.21064918,5.0913644,14.34939957,,,,
EST,Estonia,41284.7746875532,-4.26634480137913,20.3186991301818,8.6352827532792,6.378,1370286.0,1.57745133607335,70.6770085523126,1.8434671805154,78.7926829268293,1.31,2.1,100.0,6.3957644,13.562166,93.18342241,154.592617111149,1.71558125919165,21.3455594501819,65.135665233461
SWZ,Eswatini,10181.5040730397,2.55749887128813,19.4173831726115,6.05369047880271,34.61,1230506.0,0.946270731993531,25.8081878500755,2.55365594954379,64.123,2.753,46.2,86.4,0.8367388,8.6852,61.33330154,99.7246110815617,6.63100879033993,34.5064388032849,51.8939982654127
ETH,Ethiopia,2757.95923626099,3.85475024935491,6.31777188485736,32.9130722705635,3.375,128691692.0,2.6036241976442,23.0586471557617,4.00937135287998,67.315,3.989,51.5,55.4,0.13653299,2.4025397,20.33749962,20.5982015071406,35.7864807851174,24.4836822236256,36.9795925806776
FJI,Fiji,13194.8047570404,8.88313429271439,21.6550895871202,2.75299054492405,5.316,924145.0,0.51237740019889,58.6069049738768,1.32050266519964,67.316,2.281,29.2,99.3,1.4955322,10.37097,74.1160965,126.282134510517,12.8245910153207,17.2796027005972,56.2280901064659
FIN,Finland,56051.7701129501,-1.7812611103802,25.6881742092636,3.92171117971077,7.149,5583911.0,0.499192375381062,74.0062548602828,0.918262953725406,81.5853658536585,1.26,2.4,100.0,5.6771917,12.979626,93.51385075,85.5141847218915,2.33109283712753,23.47832457281,61.7790882950862
FRA,France,54296.7230897731,1.16054609449012,24.1335073268869,4.99026368272813,7.335,68372286.0,0.275093143443794,78.7804323126547,0.302058020324431,82.8317073170732,1.66,4.3,100.0,4.067842,11.765668,86.83635789,70.6261450610225,1.48475796304424,18.1109847493837,70.2119038407892
GAB,Gabon,18701.4227766323,0.210978858234995,11.4661377113023,-9.95804918444996,20.161,2484789.0,2.19891289669511,91.6375962797313,2.65090057159052,68.337,3.647,33.8,94.1,2.1414058,9.686,68.19789886,91.4786533179144,6.66942563518248,53.869796194007,37.8093779845924
GMB,Gambia,2963.59873467436,3.50722689105484,9.61731353188928,13.719183938301,6.479,2697845.0,2.30124049704572,63.8020182456108,3.11180088998078,65.86,4.006,43.8,66.9,0.2863896,4.674727,48.72829819,39.9620173467122,22.0375866230172,16.4224206550964,55.0253325479023
GEO,Georgia,22590.5293649146,7.74568551727566,12.1485458625234,2.94809953907664,11.549,3715483.0,0.0802640328443946,60.7523077799724,1.30941511279857,74.496,1.81,8.8,100.0,3.1312468,12.7,81.88425624,107.151179161579,6.01579508133932,18.8799548618776,62.0559151852007
DEU,Germany,63140.1949099669,-0.999929288913975,21.4537922077307,6.6911238945853,3.071,83287273.0,0.131511079477747,81.9034366692129,0.274038735862279,81.0414634146342,1.39,3.7,100.0,7.022808,14.296371,92.4763763,81.9625483787634,0.929156663056282,26.7958505063624,63.6154489715143
GHA,Ghana,6808.53775003964,1.19022304482641,5.49933849271349,40.105798183836,2.829,33787914.0,1.90860289687983,57.8074737774654,2.87658130544284,65.498,3.397,37.2,89.5,0.5959423,7.10721,70.67430115,64.3878615301086,20.9430687855615,29.466622381614,43.1127691309747
GRC,Greece,36700.5134631055,2.43478151693941,19.4429943853483,6.26971104079917,11.023,10407351.0,-0.292192792101549,78.7746303842088,-0.0069157849525821,81.7365853658537,1.26,3.9,100.0,5.0755324,11.553857,85.0102229,92.4710882947018,3.74222017907683,14.8477611524462,68.6654116276677
GRD,Grenada,17093.1562867447,4.37658936970584,,4.45559777901883,,117081.0,0.143593450145476,36.462128238584,0.399014729612355,75.205,1.487,18.3,94.4,3.0998428,9.4464,69.4131012,,3.10780887557402,14.783570238864,65.0688822807227
GTM,Guatemala,12380.3715121996,1.94237600245772,11.2406529285436,6.51232599855618,2.344,18124838.0,1.53986971917384,55.6082319565539,2.1714578644666,72.602,2.311,21.2,100.0,1.088896,5.8473,56.72669983,48.3297978472591,9.62190880667852,22.3147364045658,61.4553039453908
GIN,Guinea,3904.82395527998,2.9750250246767,13.491592156736,6.09250536857687,5.141,14405468.0,2.46199049961035,37.6454083954705,3.54877132227081,60.74,4.217,95.0,51.1,0.26899692,2.486339,32.31560135,95.829526758227,29.4714397653024,25.7306393241004,37.2149809110336
GNB,Guinea-Bissau,2660.81444655656,2.30744059429175,16.3545979870198,3.98120891582747,2.632,2153339.0,2.24529187264064,45.5923843383789,3.19222333882663,64.085,3.836,69.7,40.5,0.15294452,3.673035,28.71240044,42.4351515242076,36.8048503128592,15.4120002197218,43.6027620894956
GUY,Guyana,49312.3603225444,33.0314424322445,,-14.0864299215933,11.917,826353.0,0.57233513230005,26.4651457279878,0.615987765858292,70.18,2.412,26.0,98.9,5.2990813,8.70243,79.3553009,,9.74362070901044,69.3012460921421,18.7671863536525
HTI,Haiti,2939.1237948199,-2.99212843762332,6.23063448749281,30.5743109073361,14.459,11637398.0,1.15633263604117,54.4496819335618,2.25915434982639,64.936,2.656,54.4,51.3,0.24616757,5.3823,47.99269867,25.2478984941791,17.7053514644328,29.264427213971,49.9772127788625
HND,Honduras,6467.8800352783,1.8148973269289,14.9293299388294,6.04752279899292,6.07,10644851.0,1.71477388415816,58.3132392705102,2.53573111047678,72.884,2.5,15.5,95.6,1.1652912,7.510229,58.0685997,98.7919798336365,11.9787948406632,25.824819269639,57.571815931058
HUN,Hungary,40333.2546888118,-0.683845867847779,20.4758061658852,14.9923041737904,4.096,9592186.0,-0.134269181500181,70.2923026891431,0.0562555202211973,76.5707317073171,1.55,3.8,100.0,4.164973,12.331622,91.4500713,158.618825607913,2.92753080419927,25.423282000701,58.1743762001328
ISL,Iceland,69268.1221404224,4.03548776146962,25.1917732229314,5.48749978861929,3.518,385663.0,0.953546915490719,94.1518261784801,0.925202415308595,82.4560975609756,1.55,2.9,100.0,9.052132,13.908926,97.94860077,87.2388810922276,4.3005455805291,19.7443213827779,65.5418685370213
IND,India,8870.55027609345,6.26741791597422,10.6054981056988,3.51112810294656,4.172,1438069596.0,0.883289539766135,35.0676918424186,1.7773369092557,72.003,1.975,28.0,99.5,2.1297693,6.88,60.25230026,46.3229520582338,17.6565389328245,25.5525555206094,47.5864648020094
IDN,Indonesia,13889.9495012858,4.16733948268603,7.4548740846574,1.53014176760928,3.308,281190067.0,0.842666137328498,58.1179353397878,1.92295881533904,71.146,2.127,18.4,99.4,2.7111824,8.697224,69.20836554,41.4604765447233,12.5294431866213,40.2157519921814,42.8792527670573
IRN,Iran,17044.8173442641,4.07166848852256,12.5507486764489,37.2937420752896,8.129,90608707.0,1.20408185634218,76.6759567260742,1.65076598969918,77.654,1.695,11.7,100.0,8.715231,10.846712,83.71050262,49.3935500960203,10.750872506583,38.7761581460708,47.6289165729509
IRQ,Iraq,13202.3228073856,-1.72015237085384,18.6681954055084,-15.5347237850155,15.239,45074049.0,2.25148890849618,69.868278503418,2.25147664707634,72.324,3.249,22.5,100.0,5.056339,6.7800465,81.80889893,69.4613207990167,3.10603121448412,53.9604851597879,43.6679408901657
IRL,Ireland,117659.728593716,-4.34749825420604,12.0911800159942,3.39258154333999,4.243,5311538.0,1.87573900211149,64.1152082461268,2.22446817827212,82.8073170731707,1.5,3.8,100.0,6.4595604,11.724999,96.8660965,239.649627585111,0.846910710164401,34.0037014019007,60.2983373398224
ISR,Israel,47671.2476926086,-0.958016586483481,22.5893782199302,4.55842305298835,3.371,9849000.0,3.00437405991345,91.5089569794505,3.01636196470064,83.1951219512195,2.85,3.4,100.0,5.9831605,13.534595,87.03842615,57.977782328645,1.39228590650126,18.1095322410277,72.4524533292347
ITA,Italy,52842.6288831758,0.973187605594532,17.9022752317075,6.26000409007918,7.627,58984216.0,-0.0499178457490556,69.5381540123301,0.0280218946170541,83.3512195121951,1.21,2.8,100.0,5.248631,10.828128,87.0278292,65.1028419441908,1.8596431753596,23.667517226973,64.3081181311219
JAM,Jamaica,11398.8120394641,2.72311612642515,,11.3334713237078,3.022,2839786.0,0.0226098931571573,58.4510149367429,0.817910783859641,71.479,1.358,18.1,97.7,2.8413825,9.95991,89.47304282,,7.78255886920727,16.7222407974085,59.8829278693211
JPN,Japan,47387.2172542523,1.21286714128739,20.0946215543648,4.56896444973532,2.6,124516650.0,-0.487370782049143,92.0826903891473,-0.373238085015692,84.0412195121951,1.2,2.4,100.0,7.9352145,12.684047,85.00990295,43.5950833802735,0.825345395457711,27.6517978744645,70.7921491218815
JOR,Jordan,10308.7821986337,1.47963486739255,,1.68866056665853,16.62,11439213.0,1.61225050235636,92.682236868336,1.91199176098978,77.814,2.639,13.3,100.0,2.0210526,10.24,92.53443944,,4.95629590864962,26.790780203604,57.5358008679515
KAZ,Kazakhstan,34703.2349286604,3.57238732741942,11.2471234717129,9.52224688275005,4.835,20330104.0,1.46415151694869,61.7560919499181,1.97053853166674,74.402,3.012,9.6,100.0,14.076408,12.547174,92.87846096,62.3342837675021,3.82500311361663,32.4284843310401,56.3444686710489
KEN,Kenya,5691.82513474417,3.64425548577437,11.7769650802435,5.41580564449526,5.409,55339003.0,1.98296028478422,31.6330340816429,2.62438320012559,63.646,3.208,39.6,76.2,0.38283524,8.62471,32.07040024,40.9337677377556,21.4522060902205,17.1222148239844,55.4743471461612
KIR,Kiribati,3175.02475728903,1.53004759659856,64.2867176161731,8.86450664820337,,132530.0,1.56733842415292,61.5244676194408,3.12416420343136,66.473,3.147,54.5,95.9,0.52276295,9.128582,88.0,106.479772480068,26.9850960163305,11.2569231735681,67.2774358627148
PRK,North Korea,,,,,3.463,26418204.0,0.338821174570736,63.5382165423021,0.829144834811676,73.642,1.78,18.0,57.5,2.3478134,,,,,,
KOR,South Korea,54029.3434990785,1.50434142529414,17.7751832803211,2.03849717899953,2.675,51712619.0,0.077477253324535,81.1645551720421,0.080015675146798,83.4292682926829,0.721,2.9,100.0,11.385368,12.7221985,97.41597478,82.2580090716629,1.44773871445502,32.5234690063974,58.8846232184384
KWT,Kuwait,47790.1933239144,-6.98656704450174,24.5862176847329,-8.04648319014426,2.08,4853420.0,5.58813678140227,100.0,5.58813678140227,83.1878048780488,1.524,8.4,100.0,25.454494,7.566007,99.74731125,96.0343509693162,0.468514016254576,60.2656226708529,52.1545642214846
KGZ,Kyrgyzstan,6575.77541290499,7.10119376613466,15.9811206166166,19.8591989518512,3.498,7099750.0,1.76957037310792,34.706439175362,1.78721360762115,72.2487804878049,2.7,17.0,100.0,1.5755129,12.065888,91.04440308,132.373403912336,9.49216108207808,23.5839337797005,51.299348443838
LAO,Laos,8372.15591874407,2.31116087572821,,24.4217202066693,1.186,7664993.0,1.39237667233214,38.8070088517156,3.31444373244951,68.964,2.421,30.5,96.5,3.1516066,6.060246,64.39800262,,16.1390568351887,30.5335808308347,43.9974165114598
LVA,Latvia,37277.7217221317,-1.16914941176928,21.002331879604,10.6724737437668,6.465,1883710.0,0.22997050070229,68.3586316343061,0.378683263465036,75.4268292682927,1.36,2.8,100.0,3.5007896,13.40944,92.18791291,135.642989154266,3.93344279418518,20.1348662975065,63.8600315168596
LBN,Lebanon,11330.2687387422,-1.25912842069158,5.16901441243845,202.907703485723,10.985,5773493.0,0.503630953855672,90.4524074197598,0.776059230524426,77.817,2.239,17.0,100.0,2.694868,10.37,81.7059021,104.206410069182,0.966455367369224,2.0863020184691,42.3804623372256
LSO,Lesotho,2592.4570129526,0.578518284725888,35.3850814492858,0.322460813518347,16.348,2311472.0,1.10328678263994,42.6781596804785,3.49296129832243,57.375,2.694,61.3,57.3,1.0788054,7.7298837,48.98590088,140.722487877528,6.66144889853683,28.522771885001,50.4968662504575
LBR,Liberia,1616.92373356695,2.40186206516404,,4.8121348688661,2.905,5493031.0,2.20390696065654,54.997863482224,3.18833967244147,62.163,3.95,87.3,32.5,0.15182881,6.169892,31.22410011,,34.5650022779043,23.3467448747153,40.4903758542141
LBY,Libya,12476.5974944083,8.96534736140164,34.9976403964134,-7.62199522874144,18.713,7305659.0,1.12674309223491,87.8647197919848,1.14508694893837,69.339,2.355,31.7,73.2,8.79032,7.7786064,82.10469818,161.070232609722,1.7692779613025,78.8995280792827,23.9767815007079
LIE,Liechtenstein,,,,,,39846.0,0.889858277389592,14.6783761234077,0.806802076167639,84.5951219512195,1.45,,100.0,3.3118217,12.40996,98.13230133,,0.159394839929758,39.1138727542888,57.4267188977442
LTU,Lithuania,46333.9006965206,-0.661828593386076,17.4488304993577,9.97342076445898,6.841,2871585.0,1.40084461829591,68.575454583199,1.82288019922305,77.290243902439,1.18,3.4,100.0,4.3822517,13.610692,88.50287484,147.990751776428,2.49720067319748,24.4986518894236,63.1748358971823
LUX,Luxembourg,130048.922273147,-1.90231135782022,18.4013767442359,6.91075240547165,5.184,666430.0,2.02002574712319,94.8015300320787,2.06328731189157,83.309756097561,1.25,2.2,100.0,10.2852545,12.589372,99.34785707,402.566968197345,0.187250952835075,9.28618931365795,81.8147567078408
MDG,Madagascar,1629.6055225489,1.6960181482163,15.4862126166049,8.44812492297986,3.044,31195932.0,2.46201530433165,31.9799438860946,3.84794570529882,63.632,3.972,63.6,39.4,0.14254327,4.59252,18.24080086,62.7622147594312,22.2232371808595,23.1235899500024,48.7872684386948
MWI,Malawi,1649.29873234551,-0.642220906290575,19.0395224898473,29.0332878003869,5.009,21104482.0,2.57135708610945,16.9748746665356,4.11650556562097,67.353,3.648,49.6,15.6,0.087780796,5.24374,17.98810346,42.4376683990967,28.869380408768,19.2940863985344,45.1244920082931
MYS,Malaysia,32857.6676600774,2.26723785284469,11.9697728310015,-1.84898373559957,3.858,35126298.0,1.23402869169549,76.4434752105739,1.84989069301678,76.657,1.55,8.3,100.0,7.8658104,11.09,97.69272633,132.593461641599,7.76530932127302,37.5648573322214,53.5466505609237
MDV,Maldives,22333.0477138175,4.56618167112615,17.041154413287,2.13856376038547,4.019,525994.0,0.359585188904548,41.5096832933973,1.43835600122759,81.041,1.575,5.7,100.0,4.1925783,7.4103727,84.55290222,149.349976177434,5.08184564628541,9.64044735636074,70.7639209152849
MLI,Mali,2861.48058063314,1.69413019181073,12.8717958954194,2.0382877043731,2.947,23769127.0,2.97400537620334,31.0031889023235,4.93357937954777,60.439,5.614,76.2,54.5,0.28368795,1.63,36.03879929,57.6291572269296,31.3747850068698,26.8809778070534,35.5057869330752
MLT,Malta,60459.7655182644,6.30394245289163,16.3915545190396,5.16394498940494,3.479,552747.0,3.99255876861009,95.6272277147965,4.02071675251923,83.3560975609756,1.06,5.5,100.0,3.317301,12.420702,92.07266941,221.133296375593,0.0444448692460621,11.0677282459092,81.7274239180303
MHL,Marshall Islands,6774.78265578378,-2.34904444306297,57.1595075757576,7.85813849279103,,38827.0,-3.16867227675357,78.3593928884282,-2.68827291175187,66.945,2.919,27.6,100.0,3.802466,11.636664,64.07589722,118.181818181818,18.9214015151515,11.6729924242424,69.6554924242424
MRT,Mauritania,6276.47521075653,3.68749010988319,16.4865587126041,3.80594627587931,10.37,5022441.0,2.96653079197429,59.7142464747058,4.488856283083,68.484,4.697,38.1,50.3,1.0028783,4.852026,44.95629883,92.1654445146742,19.1616076506323,30.9364727932156,43.0208316833302
MUS,Mauritius,26471.0351422892,5.86268595206461,14.3584873078916,6.44739938659238,5.571,1248647.0,-1.1051534726941,39.0039901092226,-1.09496032747288,73.4121951219512,1.4,15.4,100.0,3.602115,10.103328,79.5,147.321392128852,4.01265286259242,17.8391234046561,64.8658576788433
MEX,Mexico,21864.9236104145,2.21143135142616,11.2418882240693,4.67637404757288,2.765,129739759.0,0.872178517508623,79.4734935748046,1.21730400929993,75.069,1.91,13.4,99.7,3.5321004,9.349511,81.18318755,73.7390758255664,3.84569758598285,32.4707165626052,57.6769252512863
FSM,Micronesia,3841.27116510816,0.667659305636874,,5.4881901840749,,112630.0,0.459189928699194,22.4334012451903,0.555623130411251,67.198,2.748,23.1,86.9,1.2786695,7.332524,39.39889908,95.2648407722683,23.3320526006399,5.04131604539844,69.392919158527
MDA,Moldova,15980.5668889856,4.1058113116506,17.9303159195662,9.29076127122789,1.57,2457783.0,-2.84274212689094,43.0011825561523,-1.4463307550348,71.198,1.731,16.2,100.0,1.7375865,11.83,76.50330353,93.9946211488052,7.08454848490601,17.687867818777,61.5158191372832
MCO,Monaco,,5.37628226810594,,4.99251887813831,,38956.0,0.064195567574974,100.0,0.064195567574974,86.372,2.11,2.7,100.0,,,98.87049866,,,11.5023778642456,88.4965412883701
MNG,Mongolia,16222.8638898529,5.95952333228973,13.0063852760592,21.7690280161027,5.178,3481145.0,1.3708886685104,70.4464492797852,2.31597448747002,72.1224390243902,2.7,13.6,100.0,12.874261,9.42,83.74320221,142.864246599181,9.92060281298024,39.5354090088486,41.0433684122384
MNE,Montenegro,27243.404228981,6.48895040768953,17.8621887929582,11.6812783259558,13.146,623529.0,-0.0099429084692826,65.4731667624849,0.0997450090723725,77.5878048780488,1.74,2.5,100.0,3.7989702,12.773926,88.5515976,116.806669538329,3.7692433716629,12.7498868945047,63.962450941937
MAR,Morocco,8915.3515625,2.58793464682357,18.150541674579,7.05168019026993,8.896,37712505.0,1.02195181223548,62.673750838878,1.2806138734282,75.313,2.23,16.3,100.0,1.8286018,6.198,91.0,93.1178844179777,11.1311743840061,25.3229740167851,53.7147502674415
MOZ,Mozambique,1512.66729609671,2.43327226953775,17.2065288067993,5.09636214860694,6.661,33635160.0,2.95358093047219,35.7149783148407,4.82257959806553,63.611,4.763,61.7,36.0,0.27035564,4.59049,19.94560051,106.026083626657,25.3638190039758,21.5320629009049,41.0960094164264
MMR,Myanmar,5364.13797034429,0.255328677987336,,10.7876664463339,2.977,54133798.0,0.698879396261223,30.3820718069466,0.932763127595462,66.889,2.115,38.1,76.8,0.5873035,6.38,45.4477005,,22.7222309725462,37.5929250362669,39.6848439911869
NAM,Namibia,10126.2359555611,1.73954320359132,21.8117708448753,7.69752274257169,19.154,2963095.0,2.50947899094054,49.9545837830821,3.36485427325318,67.385,3.212,41.1,56.7,1.1618446,7.2731466,63.69549942,109.8175996703,7.60787868693767,30.6216880290967,52.9829111469469
NRU,Nauru,11858.5184696436,-1.33809920484673,,-2.91601187358121,,11875.0,0.625107627709329,100.0,0.625107627709329,62.109,3.331,8.7,100.0,4.933193,9.448638,83.03970337,135.0,,,
NPL,Nepal,4861.230303797,2.05405906693403,6.6248534358972,5.74902859525066,10.437,29694614.0,-0.0700958873206174,66.5432933453944,0.297251429494459,70.354,1.984,26.1,94.0,0.61788374,4.50373,45.80680084,41.5701502932467,21.2987131119062,11.9717042539656,55.3711684725339
NLD,Netherlands,70198.9546022361,-1.57742254006001,25.1241509408808,6.30206908032835,3.535,17877117.0,0.990139686700227,95.3221682092129,1.34383405465347,81.8634146341464,1.43,3.9,100.0,6.4676642,12.669947,97.00680272,165.030429478933,1.75149243000648,18.1639849428596,70.0541740903295
NZL,New Zealand,49592.5875512098,-0.502371566531039,21.0563253769596,4.11014517250547,3.734,5200000.0,2.3012774309073,83.8898991461229,2.34321044893926,81.7585365853659,1.57,4.9,100.0,6.1010647,12.882998,93.32610321,49.8655041498497,4.00852725247614,19.4354288178018,68.2335892307508
NIC,Nicaragua,7496.53056557505,3.00516001401436,12.8891546753943,10.7817126662243,4.698,6823613.0,1.37167812196347,59.1250953674316,1.59121495723179,74.947,2.218,13.8,88.3,0.79551613,9.93302,60.30120087,105.019535579852,15.3285658671977,27.2011978140009,46.4984014306358
NER,Niger,1712.97031726521,-0.691442852917362,12.3820871365884,3.39728695407528,0.407,26159867.0,3.29489175812772,17.7506873295237,4.84755195055295,61.183,6.061,113.5,20.1,0.11977888,1.4122894,12.98079967,30.7176535069056,43.9880889564123,17.4144203773581,34.6334163812351
NGA,Nigeria,7843.00399007675,1.17052189882124,,10.8343175330536,3.074,227882945.0,2.09838916935738,62.1746763155343,3.39655023058605,54.462,4.482,116.8,61.2,0.5677305,7.58597,40.06399918,,27.7182912792899,19.1302382466487,51.7143247369192
MKD,North Macedonia,23455.2221318176,2.77356173391705,14.934347481884,7.88239994188258,13.174,1827816.0,-0.212923714310977,62.2518322545779,0.268145159613774,75.3160975609756,1.5,3.4,100.0,4.006106,10.23,88.5,147.79425348309,6.2308866977397,24.0124323129383,56.9248687459104
NOR,Norway,94364.9641754336,-0.783153604834723,21.1882226952876,-10.9316680217936,3.574,5519601.0,1.13831142739624,83.0718560702166,1.27743795661864,83.0121951219512,1.4,2.4,100.0,7.042548,13.117962,99.00000258,77.401189583706,1.64416506232656,37.8853738660679,51.9334363956515
OMN,Oman,37793.6163957515,-4.99392981588154,18.8474117659577,-4.69581131192407,3.176,5049269.0,6.52704988451128,79.5702973228932,5.97384727494821,80.031,2.525,10.4,100.0,15.806381,11.89,95.25170135,106.446731102604,2.41559858874993,55.3716024616708,45.3040383777307
PAK,Pakistan,5418.7693189297,-1.94543125066376,10.3442770582193,26.0156920088641,5.237,247504495.0,1.54880458608849,38.8191861872791,2.70213707923703,67.649,3.605,57.8,95.6,0.7549797,4.316987,47.6735,28.4676925469837,23.426703596366,20.718694602313,50.9693352713894
PLW,Palau,16487.15375427,1.40557147391065,41.7460514612745,10.2437954180977,,17727.0,-0.180352864081089,79.1531991438847,-0.135322836789595,69.269,1.907,21.9,100.0,12.180102,13.299035,82.91629791,106.757623549153,3.04695793397719,10.0883769073276,74.9246970449484
PSE,Palestine,5562.42442563953,-3.31404051657385,18.0514190962216,-1.81291980043238,24.42,5165775.0,2.39326476511584,86.8576870415886,2.69485453501003,65.17,3.311,41.9,100.0,0.8791239,10.13,86.63765334,76.173457614931,4.87628185520872,16.6728378168081,58.8003284125119
PAN,Panama,35872.9719200069,5.77264577478532,12.2638661128237,2.25973885580486,6.544,4458759.0,1.30902688797168,65.8601271176084,1.36822803371688,79.594,2.119,15.1,97.0,2.9160857,10.833751,68.54851592,88.3489105169795,2.49627490786682,27.1581132184034,67.7577230468356
PNG,Papua New Guinea,4206.37834691367,1.94734452245426,,-4.3416463861379,2.649,10389635.0,1.81103162496893,15.0581017891206,3.97424276108508,66.134,3.099,40.6,20.5,0.8044313,4.962531,18.56130028,,16.959612272756,36.2878524484944,42.0274338947197
PRY,Paraguay,15831.5849831308,3.99853693606273,11.8864090319023,2.22199983334215,5.794,6844146.0,1.23021616038983,69.3466081733694,2.25489821216857,73.844,2.422,16.9,99.8,1.1171128,8.930654,78.09481878,82.5777252296516,11.7050639471675,32.86913447472,48.0509395072458
PER,Peru,15342.2741359642,-1.44059214201185,13.5102382905189,6.65862132809094,4.899,33845617.0,1.09975320783678,84.7810255849745,1.59005980808498,77.74,1.98,13.3,96.2,1.9519441,10.154652,79.48484477,50.9070307213493,7.22315955429279,34.2028763083755,51.0150592113721
PHL,Philippines,9898.53294588106,4.66769736272362,14.2212747883643,4.60143307102079,2.2,114891199.0,0.810000998681961,55.1242716168851,1.41781617393161,69.833,1.916,27.0,98.0,1.4011557,9.97724,77.86699677,67.4199693171606,9.40036652869164,28.1976225091314,62.4020109620137
POL,Poland,43672.7668014946,0.616853101336787,18.9482308008084,9.86569270234997,2.743,36687353.0,-0.365658526875775,59.8859561370214,-0.274767485280137,78.2585365853659,1.2,4.3,100.0,7.307086,13.208543,86.414744,110.024935041815,2.76537109467644,29.3903798055442,58.2011282257295
PRT,Portugal,41768.2583096874,1.69803392754639,16.7000067670882,7.48763935838595,6.498,10578174.0,1.36912985956796,61.2048652633664,1.49818724351185,82.3292682926829,1.45,3.2,100.0,3.6068447,9.703255,85.79012676,93.1358537072038,2.13721069426312,18.7118937244236,66.2923756073157
QAT,Qatar,116159.142564088,1.23672426450278,12.8767382072055,-10.693481450613,0.13,2656032.0,-0.0489708509014485,99.2835325193835,-0.0091387487751425,82.368,1.729,6.0,100.0,40.127865,10.77,98.15229797,100.213647199618,0.292779131249811,60.3680507871752,45.280617448803
ROU,Romania,40116.6891416904,2.19035297025793,17.1999939148178,12.3522995042078,5.589,19061062.0,0.0659152146414443,52.1645747011867,0.0680098161557962,76.4048780487805,1.54,6.9,100.0,3.54976,11.55,89.20335498,83.3753324062231,3.32416909916798,27.0872143657574,60.9101722747782
RUS,Russia,39881.44921875,4.36156229707225,18.2127035377425,6.65888697432216,3.076,143826130.0,-0.285217600763343,74.9805047873279,-0.117012537246107,73.2546341463415,1.41,5.3,100.0,11.9164505,12.41,92.24496346,41.3395116492933,3.01939316812813,30.7976211679525,57.4391322777167
RWA,Rwanda,3168.03075281515,6.19900549544292,16.4975023744422,11.7097461746956,12.352,13954471.0,2.1984982050137,28.8555310645477,5.99461839278821,67.785,3.698,38.8,63.9,0.14447089,4.88,28.80579948,66.8925839339472,23.1373057605237,21.4768679680262,50.331537576817
KNA,Saint Kitts and Nevis,30616.577281386,2.91331421745427,,4.40820443649315,,46758.0,0.104849849656036,31.7007809622822,0.378506704008578,72.145,1.505,16.4,100.0,5.346964,10.8494005,76.58950043,,1.3967146856778,21.3250720986857,65.4747286212486
LCA,Saint Lucia,23636.0265940253,3.61564604076752,,1.27419180880412,12.094,179285.0,0.281512532799571,29.0976313248036,0.282179687953764,72.697,1.379,17.5,100.0,2.8838367,8.614167,67.44390106,,1.25466516976667,9.95387929726613,75.9110355918318
VCT,Saint Vincent and the Grenadines,17858.2446468702,6.07793111453327,,2.91400510607961,18.348,101323.0,-0.711025816110263,47.7169922340041,-0.437529075403232,71.23,1.775,11.8,100.0,2.4296513,11.29535,75.53679657,,4.20063280645518,14.7472919199735,66.3856112523488
WSM,Samoa,7384.69163688613,14.4879437715433,16.4684575671861,6.82969275542449,4.92,216663.0,0.649190563116911,17.5012799804602,0.653519278982174,71.698,3.829,15.3,100.0,1.0838683,11.332984,,80.8405125709078,9.85408517045162,10.0793155346634,70.7373740209545
SMR,San Marino,70951.7919690715,0.0905855641196212,14.1491695418366,7.35543104973475,,33860.0,0.310582221115543,97.1317310361655,0.328917610379476,85.706,1.149,1.3,100.0,,11.36,97.33640289,340.983400117352,0.0150943420378973,35.7653554128177,56.8955514733865
STP,Sao Tome and Principe,5541.3016760535,-1.6128371937285,11.2663811699023,23.7460585524367,9.032,230871.0,1.99754660166419,68.6043921103568,2.33725193249281,69.718,3.644,14.1,81.3,0.6056687,5.9875593,58.70130157,46.9745787336632,13.4511863976653,2.72715391447786,79.4810607790889
SAU,Saudi Arabia,64481.8441927288,-4.01429387790023,20.9337038615067,-2.18442485707621,4.008,33702731.0,4.63821572656175,84.2962388315415,4.82974579214944,78.732,2.28,6.2,100.0,20.36544,11.606428,100.0,55.7974682325487,2.45769245330047,47.6052986491653,44.7549539980038
SEN,Senegal,4304.76148721773,1.79788238989684,15.8069141188045,3.05250609352798,2.784,18077573.0,2.38738348832592,54.6992276190794,4.70983412673516,68.683,3.818,38.2,74.2,0.77896833,2.934554,59.18740082,71.5942815846823,17.4112512141863,22.888647826957,49.5867335830147
SRB,Serbia,25735.1334774195,4.3943385787905,17.1267778521403,13.9302963711276,8.268,6623183.0,-0.621120944154492,62.1434649229738,-0.230814294620839,76.1414634146341,1.62,5.4,100.0,6.334863,11.641718,85.35746686,114.49206464322,3.78653396097272,23.7759430141513,57.7862970567227
SYC,Seychelles,28713.6672353088,5.27201672489588,24.5279636017214,1.39387024808538,,119773.0,-0.0876274304874622,45.0971081321658,0.326373467768389,75.419512195122,2.18,14.3,100.0,5.0117536,11.19995,86.001297,183.842116553333,2.51465392069906,13.295595742584,68.9360904700897
SLE,Sierra Leone,3034.94608192505,3.41471641633679,5.50037313479461,29.2602264455666,3.092,8460512.0,2.19524258771884,44.809324991151,3.41373586800309,61.786,3.791,93.8,35.5,0.1631619,3.5352976,23.71360016,55.286796968766,29.0526202422585,26.0790881010936,42.1624443748343
SGP,Singapore,130296.843789261,-3.36069477894166,9.84210326953167,-4.56954598451304,3.444,5917648.0,4.85831607781442,100.0,4.85831607781442,83.0975609756098,0.97,2.6,100.0,8.821352,11.99,94.28518987,323.7012199919,0.0288899443180196,22.1388465584107,72.7555004530899
SVK,Slovakia,39501.9474231962,2.20694498399155,20.3237903640526,10.0245901807717,5.843,5426740.0,-0.0923148510113108,53.190805019646,-0.0913137556435059,78.119512195122,1.49,6.2,100.0,5.5755577,13.103204,87.2131343,181.39087235645,2.12570153523878,29.2081158245654,60.0252424547974
SVN,Slovenia,47986.4195855821,1.97100496138407,19.213363720423,9.98912481634724,3.652,2120461.0,0.396216782960902,55.5378927789875,0.75715222769641,81.9292682926829,1.51,2.3,100.0,5.6704106,12.951202,90.37794678,160.1596693009,1.53197014432848,29.5848784281182,57.8684736464045
SLB,Solomon Islands,2339.87469992347,0.406498798558516,27.8268759054323,2.54749432932826,1.443,800005.0,2.39583243369756,30.0088821088389,4.61212085605088,70.528,3.557,20.6,81.3,0.35219383,5.87968,28.67239952,101.134531825762,30.5256377079793,21.4812055187331,47.9646257565504
SOM,Somalia,1401.64735228455,1.01616806512138,7.16371600657054,4.51126298030606,18.96,18358615.0,3.07939219638342,54.0714435506882,4.13995437235453,58.816,6.132,104.3,50.3,0.07061636,1.9,26.12010002,103.121007483117,,,
ZAF,South Africa,13695.3755694076,-0.523851146279725,19.1795974311491,4.72230243263523,32.098,63212384.0,1.32810094082844,63.5823705163545,1.49448180148783,66.139,2.216,34.8,87.7,6.9069405,11.61,78.33670044,65.6798759740707,2.53517112309848,24.5639655120651,62.7205686343674
SSD,South Sudan,,,,,12.374,11483374.0,4.10816463205266,21.0737755279692,5.53502630614536,57.617,3.864,96.7,5.4,0.1451047,5.73,6.671000004,,,,
ESP,Spain,47322.5937004504,1.26057958891062,19.6235580977205,6.24520480258481,12.179,48352528.0,1.17836618688432,80.128491001856,1.39526821791619,83.9341463414634,1.12,3.2,100.0,4.4970493,10.7561245,95.44564516,71.7976366055733,2.6062235563618,19.9575232630573,68.6891967410021
LKA,Sri Lanka,13065.0698305722,-1.3887411620843,6.74813796228811,16.8150738738861,4.528,22037000.0,-0.651320770103285,20.1455348442463,0.134791506094452,77.483,1.974,6.1,100.0,0.8343349,10.77,51.2,43.3476681195134,8.04312180256758,25.6710307504815,60.0610214917243
SDN,Sudan,2181.0791015625,-30.363173571103,17.4245401216912,29.6896694787435,7.53,50042791.0,1.32652175747925,34.7960076976764,1.54236029441809,66.331,4.323,63.1,66.0,0.35400742,3.962,,2.47372878267665,30.2756760075975,28.3364187359122,41.3879052564524
SUR,Suriname,19020.8663751009,1.48474163935258,,33.099964511173,7.699,628886.0,0.914027369002208,65.7562408447266,0.69790185573267,73.631,2.249,16.3,99.6,4.561335,8.42976,87.4,,7.16164240040182,39.6663071788203,48.8318271055663
SWE,Sweden,62122.5116950792,-0.674701257933236,26.4175581827478,5.83406618538046,7.611,10536632.0,0.472717863265105,88.631216160938,0.729572724546331,83.309756097561,1.45,2.4,100.0,3.4789953,12.740326,95.70327461,107.619709443974,1.28228230721285,22.5872661861018,65.4646684204795
CHE,Switzerland,85383.3564504008,-0.441833465877266,11.7415119087327,0.933967686103571,4.043,8888822.0,1.26498425447772,85.1854212679815,1.57630897563029,84.1560975609756,1.33,3.9,100.0,3.604899,13.949121,97.34436623,129.7371945484,0.609392602614754,25.8710535844701,71.0460225220852
SYR,Syria,4579.43973633341,-3.90490484495091,2.71015217350474,107.375151010575,13.27,23594623.0,4.91861526815481,72.1673803143204,4.30372211836176,72.12,2.712,20.1,88.4,1.3424094,5.93552,33.77000046,35.4372421451582,42.8517272820162,11.9429158166427,44.7217048163099
TJK,Tajikistan,4472.3241378777,6.13628181088259,10.6621971920935,3.74356638768386,7.037,10389799.0,2.01812009749216,26.1890127571429,1.99253403443671,71.79,3.072,28.8,100.0,0.98791873,11.270948,54.41550064,65.6347010367354,22.8588621065173,33.6387708593471,34.7082666200741
TZA,Tanzania,3620.79345703125,2.08099243052513,8.75962998482192,2.74821189393757,1.565,66617606.0,2.90250073555304,35.4748019434954,4.75559638967141,66.995,4.606,38.5,48.3,0.30486846,6.06535,28.43190002,38.212034806339,23.6871473778631,28.0339433523146,28.6974346292653
THA,Thailand,21245.2706771879,2.2957417568134,16.5861964385762,1.25338887133665,0.733,71702435.0,-0.0458651887192549,60.9341926574707,1.92942621671871,76.412,1.212,9.2,100.0,3.6921155,9.04,89.53525238,128.792359690165,8.55515003809495,32.9143397918669,58.5305101700382
TLS,Timor-Leste,4331.07792560386,-19.0224447249042,52.9207740173996,-20.8217874208374,1.525,1384286.0,1.08884743970717,28.595471832952,1.12288513462672,67.689,2.707,49.2,100.0,0.45995858,6.2265806,35.04199982,89.3046490972644,17.1798122405238,23.8680415769611,60.9992887665504
TGO,Togo,3215.82300022488,4.19303539209972,13.3435347736298,2.97322929884109,1.942,8223850.0,1.90565010531245,43.2496853032436,3.10696192348597,62.74,4.192401,58.1,59.2,0.3247885,5.8611145,37.57020187,59.9291777017427,20.7728226848382,20.6747193049682,49.2368248822454
TON,Tonga,7031.32021704688,3.22746003661523,25.0876008184815,7.42659075660799,1.652,104597.0,-0.424539964766316,21.147944541337,-0.419552642135141,72.895,3.129,9.8,100.0,1.3943583,10.914949,64.13140106,79.6239257000079,18.9589244958951,14.8652489605305,49.989011843857
TTO,Trinidad and Tobago,31196.603554718,1.33995194217194,,-12.9851733536177,3.361,1367510.0,0.124756950526578,53.9536842104572,0.136440286506078,73.49,1.532,19.3,98.7,23.644289,10.79275,81.9681015,,0.835855107201165,34.5053817954523,60.3331524538457
TUN,Tunisia,12650.9615158166,-0.481913639518325,19.4187952219205,7.18154722475788,15.106,12200431.0,0.666925034776371,70.0266686486584,1.12426173562959,76.508,1.832,12.9,100.0,2.6013684,7.59492,73.77184075333334,112.128858013354,9.47367928951245,24.0937583898893,62.0931279377135
TUR,Turkey,35069.1701714685,4.61909774991381,13.2360600879054,68.2797569244827,9.388,85325965.0,0.406389351118662,89.0218446796121,0.388112437971746,77.156,1.51,13.8,100.0,5.5797157,8.986243,85.96074155,65.6832084738667,6.38984597795627,28.1932800305474,54.3519824455967
TKM,Turkmenistan,17685.8585929282,4.38073247443103,12.7377375958886,-2.36586512387046,4.007,7364438.0,1.83970100027524,47.0678875054171,1.85811889979246,70.073,2.69,40.2,100.0,12.956967,11.207802,,34.1794035540188,11.7692627442089,38.0998941918906,47.1318444620791
TUV,Tuvalu,5315.16301028104,5.36467493101129,,-5.86701434159063,,9816.0,-1.77710654146662,64.0117206689787,-0.682055146264719,67.105,3.208,19.8,100.0,1.1121277,10.767461,35.20000076,,,,
UGA,Uganda,2791.05576885861,2.42759459782118,9.56616058785446,6.74801516641013,2.754,48656601.0,2.80083228962433,30.6059359395495,5.05014804626893,68.252,4.283,49.4,51.5,0.12816063,6.323663,9.286999702,33.3416963302219,24.0895746897278,25.7532114394482,42.5125306078843
UKR,Ukraine,15916.9580078125,15.4480219876898,41.8556928744753,19.8744638522736,9.834,37732836.0,-8.42300777431605,69.4754455027606,-8.3481514473027,73.422,0.977,8.0,100.0,3.6924176,11.122739,81.58059692,77.5096141935657,7.55194546256383,19.0867598647608,61.211871946742
ARE,United Arab Emirates,70239.8328337228,0.234310330355683,12.2173865726797,-2.02049184324265,2.151,10483751.0,3.97717097504667,85.6680699002526,4.15631571160534,82.909,1.2,5.0,100.0,19.772913,12.99,100.0,199.044950127107,0.764071417912981,45.4007042021104,53.8352243799769
GBR,United Kingdom,53423.4226338292,-1.0306551867823,20.6153775719761,6.34491419212233,4.025,68526000.0,1.30728496203423,83.1601932891335,1.40930342995028,81.2380975609756,1.56,4.6,100.0,4.481841,13.49,95.44719696,64.9923841747803,0.648180849687737,17.6714033030008,72.4231913505155
USA,United States,74351.6718197429,2.09110944991448,13.5407140861824,3.70021403026367,3.638,336755052.0,0.822589035790284,80.071561119178,0.871386213476252,78.3853658536585,1.6165,6.5,100.0,14.31945,13.91,93.52559662,24.9292981752847,0.942961672907101,17.5751653495616,76.2563816410471
URY,Uruguay,31100.9696889882,0.845973105465262,17.2515286032454,4.05342938059388,8.355,3388081.0,-0.0835522251458198,95.5439605712891,-0.0351486687276967,78.138,1.409,7.4,100.0,2.2511077,10.54,90.92590332,52.3273108387018,6.01413612088737,16.8783176860769,65.7540601516718
UZB,Uzbekistan,10514.0955721447,4.18879735936189,15.2782373679619,13.9139742527294,4.434,35652307.0,2.02114614047908,50.9964841114568,2.04417407723884,72.388,3.5,13.7,100.0,3.446397,11.91,89.01361047,63.102194304905,19.6622079976968,31.1420713958264,44.5611820065481
VUT,Vanuatu,3782.82649029418,3.39776254449882,18.45366798095,0.642819888004382,5.011,320409.0,2.32481600892244,22.2651966823901,2.37447860578213,71.477,3.596,17.5,61.6,0.5881556,7.18321,,78.0648945040347,25.5423185087831,9.58720198979664,57.9846242986956
VEN,Venezuela,,3.70013368160016,,367.798078256365,5.407,28300854.0,0.310851368612458,89.249627620225,0.351653173423154,72.514,2.079,24.2,100.0,4.2255874,9.678386,76.33190155,28.0944323171165,,,
VNM,Vietnam,13534.7997843016,4.27616318968813,8.81255291297319,2.16498332169941,1.645,100352192.0,0.671429250652247,38.1298904418945,2.20966454551038,74.588,1.913,17.8,99.8,3.4617958,8.98,78.08,164.995585455876,11.8713266425191,37.5932883534337,42.280320467255
YEM,Yemen,,-2.186490192267,8.99114080709907,14.8536647600461,16.944,39390799.0,3.00980765711571,36.5707979836506,3.69071864637675,69.295,4.59,39.5,83.6,0.2574502,5.48415,17.49099922,56.0778227215077,28.7451403146812,25.4429978433173,41.8118618427961
ZMB,Zambia,3673.4841969922,2.46464031100994,13.312782708599,7.09462960303757,5.861,20723965.0,2.79406758723844,45.0285853521585,3.75300456135683,66.349,4.101,49.1,51.1,0.5708717,7.3974085,16.45070076,78.2418870451485,2.23012034259343,35.107778069402,56.8167642432298
ZWE,Zimbabwe,5218.04526596398,3.59876695621327,11.9689867430753,768.477177864533,9.348,16340822.0,1.67709591394986,39.2919370795795,3.18079396042019,62.775,3.724,64.2,62.0,0.8226813,8.930847,38.67480087,40.2912612046942,11.4948694011417,33.2555519083931,49.5634542472646
